patch_id,sample_id,a,omega,u,v,median_rel_R,max_rel_R,p90_rel_R,p99_rel_R,median_rel_Psi,max_rel_Psi,median_rel_vs_spec
0,0,0.1325,0.12829230769230768,0.12500000000000003,0.1282051282051282,0.035128602953341796,0.04671609913651706,0.03796491651367021,0.04368492160329233,0.659812654491953,0.9995383795421884,0.03512592507838151
0,1,0.45916666666666667,0.384676923076923,0.4583333333333333,0.3846153846153846,0.020969597117786617,0.02109653392634603,0.021082417258459486,0.021095250580768634,0.6581535359812865,0.9990700259376053,0.020969507764645373
0,2,0.5,0.5128692307692307,0.5,0.5128205128205128,0.02086673024203694,0.02584017805820779,0.020988065972521192,0.02100273135241167,0.8369461534459594,1.2017613045111288,0.020866885640890485
0,3,0.8674999999999999,0.8974461538461538,0.8749999999999999,0.8974358974358974,12.959701350919469,13.026067087377108,13.018648567058207,13.025392211249619,1.860393862848257,1059.5610924821904,12.959700306630985
1,0,0.050833333333333335,0.0001,0.041666666666666664,0.0,0.9994205495848614,0.9996760188618049,0.9996475410968642,0.999673086795352,0.9402733487186321,0.9995827502936754,1.1486815526304128
1,1,0.01,0.025738461538461536,0.0,0.0,0.30557080645303747,0.30749634082025185,0.30723559240426546,0.3074895152778328,0.7179100639230012,0.9995701072444458,0.3054494368002868
1,2,0.17333333333333334,0.12829230769230768,0.16666666666666666,0.1282051282051282,0.003433268154557951,0.015205511378039242,0.0034538445474120946,0.014005948635012474,0.6600156444117986,0.9995356414212363,0.003428716596483879
1,3,0.01,0.4103153846153846,0.0,0.3947368421052631,0.11596159066732079,0.11686509763118046,0.11676353019719586,0.11685585171056477,0.5885214785584797,1.002077811595322,0.11596187780149309
2,0,0.17333333333333334,0.0001,0.16666666666666666,0.0,0.999459291172432,0.9997378903976807,0.999711420138687,0.9997350858305892,0.938188701984537,0.9997226522278693,1.062916462261668
2,1,0.5408333333333333,0.0001,0.5416666666666666,0.0,0.9996924819117188,0.9998571578596446,0.9998419991094535,0.9998555573738733,0.9521763237252816,1.00077998584651,1.017298733342899
2,2,0.3775,0.12829230769230768,0.375,0.1282051282051282,0.010844278449645394,0.01489095296864695,0.011235108408679422,0.013561734632161844,0.6913243132972186,0.9998067583093523,0.010846820131413939
2,3,0.9083333333333333,0.384676923076923,0.9166666666666666,0.3846153846153846,0.060239370230158774,0.060912649560856486,0.06083755897518906,0.060905820192020226,0.8971035343469935,1.0062374235042357,0.06023989161079304
3,0,0.050833333333333335,0.12829230769230768,0.041666666666666664,0.1282051282051282,0.11253095686134384,0.11254812282085486,0.11254801108418437,0.11254811732047816,0.6644953375524458,0.9996040447983681,0.11252604531031087
3,1,0.3775,0.384676923076923,0.375,0.3846153846153846,0.06935635647739298,0.06969962586100269,0.06966175479230498,0.06969618583251587,0.6287917982629556,0.9991646614421609,0.06935649446208121
3,2,0.01,0.5385076923076922,0.0,0.5263157894736842,0.32034913964208633,0.32181774582025624,0.32165088756182775,0.3218025377256543,0.6224976413971497,1.7445063394812754,0.3203490833388125
3,3,0.3775,0.9230846153846153,0.375,0.923076923076923,27.344249115750536,27.50112694740621,27.483444341686337,27.49951672698147,3.155089349241497,482.77554909344116,27.344249546104464
4,0,0.6225,0.12829230769230768,0.6250000000000001,0.1282051282051282,0.05291205795581284,0.06126505301995348,0.054989312954549646,0.05897441969941074,0.7658814604209023,1.000603417960548,0.05290238607645256
4,1,0.7041666666666666,0.384676923076923,0.7083333333333333,0.3846153846153846,0.03582646882843226,0.03637761848015672,0.03631573279983687,0.03637198576037567,0.7691820138829892,1.000074892336465,0.03582548792427394
4,2,0.99,0.5128692307692307,1.0,0.5128205128205128,0.05183237787927082,0.05202794449791808,0.05200621609305236,0.052025969242031005,0.9998496119993273,1.2287253110477294,0.05183189461849662
4,3,0.99,0.8974461538461538,1.0,0.8974358974358974,7.651997162344532,7.671158150788659,7.669037092042603,7.670965411783812,0.9807983289862208,63.00893493584539,7.651995080668312
5,0,0.1325,0.6154230769230769,0.12500000000000003,0.6153846153846153,0.12958731389412886,0.13009786765611223,0.13004260061806058,0.1300969844624387,0.9114629144196833,3.301838260844971,0.12958729304920774
5,1,0.3775,0.7436153846153846,0.375,0.7435897435897435,0.4790444896051451,0.4848834514174639,0.4842170641675953,0.4848226828349814,1.4513343919642918,12.96446898941959,0.4790445940769762
5,2,0.5,1.0,0.5,1.0,7.959903686743752,8.039260995944494,8.030258704001056,8.03844067892815,2.7912234934878706,54.02620324116274,7.959904205507644
5,3,0.8674999999999999,1.0,0.8749999999999999,1.0,13.524441825438824,13.660879073877355,13.645685203602604,13.65949748029579,1.7859759147654732,104.82953654388659,13.524440975974862
6,0,0.6225,0.6154230769230769,0.6250000000000001,0.6153846153846153,0.20641666089906818,0.20788970278643465,0.20772559221909878,0.20787477955725117,1.0440066322411496,3.1421831955783017,0.2064162887536864
6,1,0.7858333333333334,0.7436153846153846,0.7916666666666667,0.7435897435897435,0.6806336376176336,0.6843061346388815,0.6838995071748104,0.6842691845444964,1.3430618306763544,17.246009718466873,0.6806330396707649
6,2,0.8674999999999999,0.8718076923076923,0.8749999999999999,0.8717948717948718,1.7908839911101169,1.8009378863888397,1.799820997775364,1.800836354143577,1.5348388140726765,53.31050573098763,1.7908836325009765
6,3,0.99,1.0,1.0,1.0,34.49543691090781,46.48740469345758,34.62706480889,34.64231963739124,5.470832728952734,168.33334279726014,34.495422072288655
7,0,0.01,0.6154230769230769,0.0,0.6052631578947368,0.08256799703773787,0.0969727733537529,0.08281909461930875,0.084710395862473,0.8645413449256463,3.6811584496785894,0.08256807991651377
7,1,0.1325,0.7436153846153846,0.12500000000000003,0.7435897435897435,0.17261563435472688,0.17770194268846887,0.17358536680318423,0.1771428789586652,1.6781589519840496,6.491453435505434,0.17261620097675623
7,2,0.01,1.0,0.0,1.0,16.414777151151988,16.51410720657911,16.503109841398956,16.513107510010563,2.3108476204204944,152.93500126422467,16.414771319047468
7,3,0.3775,1.0,0.375,1.0,6.131289686767584,6.15726015626755,6.154359442594869,6.15699631502901,2.575598877136312,36.670240926130134,6.131289440685485
8,0,0.6225,0.0001,0.6250000000000001,0.0,0.9996307851631321,0.9998298284435093,0.9998116490644973,0.99982790968624,0.9603448563854494,1.001363686640506,0.9313813511175686
8,1,0.99,0.0001,1.0,0.0,1.0000659653306432,1.000142500200056,1.0001309363629107,1.0001423641374843,0.9989496328386784,1.002835620694247,1.0897208189105445
8,2,0.7041666666666666,0.12829230769230768,0.7083333333333333,0.1282051282051282,0.0018340452054572262,0.03293021729646323,0.00549717878917784,0.029878826308581023,0.7880769682017664,1.0012652635092496,0.001826556483101564
8,3,0.99,0.384676923076923,1.0,0.3846153846153846,0.10345683097279307,0.10458013737898864,0.1035553934616902,0.10390414061279828,0.9834906921477626,1.0069989455837756,0.10345659011143818
