B_inc_im,B_inc_re,B_ref_im,B_ref_re,B_trans_im,B_trans_re,N_edge,N_mid,a,cond_M_left,cond_M_outer_at_z2,cond_T_mid,detS_residual,error,inner_abel_residual,ok,omega,outer_abel_residual,ratio_ref_over_inc_im,ratio_ref_over_inc_re,scenario,solve_in_cond_raw,solve_in_cond_scaled,solve_in_relres,solve_out_cond_raw,solve_out_cond_scaled,solve_out_relres,state_in_z1_relerr,state_out_z1_relerr,z1,z2,zpair
4514623218306811.0,-634907123154468.2,-3020.633644365356,345.47524163444064,0.0,1.0,32,64,0.1,1.0637139664362382e+22,5.708988058152134e+27,7565420.694930602,2.3036923649873127,,3.185864987818586e-13,1,0.001,0.18219822200314315,1.723033334516967e-14,-6.666545218626138e-13,baseline,1.0637139664362382e+22,14187330764.881062,2.682900494637138e-07,1.0637139664362382e+22,14187330764.881062,1.1197922554940977e-07,2.682900494637138e-07,1.1197922554940977e-07,0.1,0.9,"z1=0.10, z2=0.90"
3731925301707988.0,-378605102006533.9,-2493.9809147798023,187.76819172690082,0.0,1.0,48,96,0.1,8.752419479600121e+21,4.742179875217785e+27,7565421.120106527,2.206853743502006,,9.486996612296404e-13,1,0.001,0.008485643116476987,1.7305366493170824e-14,-6.665270104937456e-13,baseline,8.752419479600121e+21,11671379875.36395,2.750406337242751e-07,8.752419479600121e+21,11671379875.36395,4.351799131002102e-08,2.750406337242751e-07,4.351799131002102e-08,0.1,0.9,"z1=0.10, z2=0.90"
3714788736858711.0,-404227244477437.25,-2483.0138961420175,205.31833886126975,0.0,1.0,64,128,0.1,8.718728021789451e+21,3.1674300764345755e+27,7565421.26520424,2.3685233190423247,,2.5580153050753316e-12,1,0.001,0.0006250571470981518,1.7258945992729196e-14,-6.665351747713576e-13,baseline,8.718728021789451e+21,11626573515.328856,3.104762259132613e-08,8.718728021789451e+21,11626573515.328856,8.586433245932232e-08,3.104762259132613e-08,8.586433245932232e-08,0.1,0.9,"z1=0.10, z2=0.90"
3716705522336170.5,-404828893709255.06,-2483.9603502053073,205.170608778213,0.0,1.0,80,160,0.1,8.724666194823391e+21,4.257418325318343e+27,7565428.877559484,3.1078292148977913,,1.4221705088992386e-12,1,0.001,0.0005488708956371648,1.7386171131830633e-14,-6.664294254399998e-13,baseline,8.724666194823391e+21,11632705225.742682,3.569667842012758e-08,8.724666194823391e+21,11632705225.742682,1.2948398249795525e-07,3.569667842012758e-08,1.2948398249795525e-07,0.1,0.9,"z1=0.10, z2=0.90"
3715579385749004.0,-407353033499715.94,-2483.7717674174005,208.79577096064205,0.0,1.0,96,192,0.1,8.720336382785678e+21,6.382662068696233e+27,7565421.155719511,2.1751968038486837,,3.405581021872002e-12,1,0.001,0.0009099829100439842,1.68897587641777e-14,-6.666232680829751e-13,baseline,8.720336382785678e+21,11630089352.545805,5.9331266930965266e-08,8.720336382785678e+21,11630089352.545805,1.692015535802757e-07,5.9331266930965266e-08,1.692015535802757e-07,0.1,0.9,"z1=0.10, z2=0.90"
3718490656593417.5,-408826141611262.1,-2483.8068487017154,209.36308234114998,0.0,1.0,128,256,0.1,8.734297238918765e+21,3.512405661170487e+27,7565428.381759717,0.8441707897843324,,9.821046683111159e-12,1,0.001,0.0011353679726580177,1.6930486621904952e-14,-6.660996226489391e-13,baseline,8.734297238918765e+21,11639582206.1141,7.877384001353908e-08,8.734297238918765e+21,11639582206.1141,1.22975406265163e-07,7.877384001353908e-08,1.22975406265163e-07,0.1,0.9,"z1=0.10, z2=0.90"
35916828554.72021,-5324289711.951654,-242.33585895953487,-4.733979547257909,0.0,1.0,32,64,0.1,8247973720228.803,4.123642793403598e+18,7474291.561298868,2.866456540183245e-05,,6.758994846087212e-13,1,0.01,2.3876748984483263e-07,1.1076553474655644e-09,-6.5829414929666144e-09,baseline,8247973720228.803,110120.86605350446,4.957776472519042e-12,8247973720228.803,110120.86605350446,5.616035273805118e-12,4.957776472519042e-12,5.616035273805118e-12,0.1,0.9,"z1=0.10, z2=0.90"
35916837731.198685,-5324309282.073719,-242.33591995047894,-4.7339252231426014,0.0,1.0,48,96,0.1,8247974344414.442,4.123629833675214e+18,7474293.536931886,3.723630729227817e-05,,8.780969561288481e-14,1,0.01,1.490840158648623e-09,1.1076570151297835e-09,-6.582940658444723e-09,baseline,8247974344414.442,110120.86537633452,6.11378054290283e-12,8247974344414.442,110120.86537633452,6.292247636257019e-12,6.11378054290283e-12,6.292247636257019e-12,0.1,0.9,"z1=0.10, z2=0.90"
35916834136.20575,-5324292664.149641,-242.33589003168822,-4.734029061535436,0.0,1.0,64,128,0.1,8247973528239.009,4.1236335955349473e+18,7474292.612475943,2.6803544882001214e-05,,2.0593300564881175e-12,1,0.01,8.563401906442117e-10,1.1076570213215617e-09,-6.582940995913994e-09,baseline,8247973528239.009,110120.8599862764,7.446223934769481e-12,8247973528239.009,110120.8599862764,7.324253479662874e-12,7.446223934769481e-12,7.324253479662874e-12,0.1,0.9,"z1=0.10, z2=0.90"
35916765671.9194,-5324266605.763583,-242.33553949020046,-4.733995233657356,0.0,1.0,80,160,0.1,8247964924178.377,4.1236295026855813e+18,7474281.5031535495,1.5180016022044775e-05,,9.053952594969941e-13,1,0.01,5.09500708735422e-09,1.1076540134192349e-09,-6.582945033958485e-09,baseline,8247964924178.377,110120.80257245907,2.293481330849236e-13,8247964924178.377,110120.80257245907,4.776751380959967e-13,2.293481330849236e-13,4.776751380959967e-13,0.1,0.9,"z1=0.10, z2=0.90"
35916864092.589775,-5324275105.387672,-242.33587439882248,-4.7340647313962405,0.0,1.0,96,192,0.1,8247986819357.478,4.123619452586672e+18,7474293.244868141,4.5998850022952344e-05,,1.3840278756079833e-12,1,0.01,6.115682078282084e-09,1.1076531591058012e-09,-6.582936184208032e-09,baseline,8247986819357.478,110120.94859370134,2.021207966038118e-12,8247986819357.478,110120.94859370134,2.5060082614221852e-12,2.021207966038118e-12,2.5060082614221852e-12,0.1,0.9,"z1=0.10, z2=0.90"
35916547448.322624,-5324170240.098977,-242.33441552768355,-4.734458655215181,0.0,1.0,128,256,0.1,8247936245993.442,4.1235873186752517e+18,7474250.668763599,2.13007492972097e-05,,1.6084498189460294e-11,1,0.01,1.5238488447493307e-08,1.1076576348763812e-09,-6.582956172278146e-09,baseline,8247936245993.442,110120.61079106343,1.1344433391059135e-12,8247936245993.442,110120.61079106343,1.3326807158591233e-12,1.1344433391059135e-12,1.3326807158591233e-12,0.1,0.9,"z1=0.10, z2=0.90"
251740.8182206099,-20150.50946463604,-14.036323292322571,-9.662655948383355,0.0,1.0,32,64,0.1,492041.3042343072,1901852732.9210234,3732364.707960354,4.053443403260824e-08,,5.489594439542664e-13,1,0.1,5.488920030969072e-14,4.257362822199831e-05,-5.2349249863574116e-05,baseline,492041.3042343072,7.2280162975361355,6.269551635673133e-16,492041.3042343072,7.2280162975361355,7.154833165380216e-16,6.269551635673133e-16,7.154833165380216e-16,0.1,0.9,"z1=0.10, z2=0.90"
251740.90844786642,-20150.49074428922,-14.036327226526037,-9.662660764572278,0.0,1.0,48,96,0.1,492041.3042598993,1901853393.105301,3732366.005186185,4.035432703757701e-07,,8.736422894730464e-13,1,0.1,1.7549653594502074e-13,4.2573628204318975e-05,-5.2349249896241046e-05,baseline,492041.3042598993,7.228016297731485,4.745865451630462e-16,492041.3042598993,7.228016297731485,5.320168442598894e-16,4.745865451630462e-16,5.320168442598894e-16,0.1,0.9,"z1=0.10, z2=0.90"
251740.84468942668,-20150.514905555432,-14.036324918370614,-9.662656797979832,0.0,1.0,64,128,0.1,492041.30419205455,1901852952.0003932,3732365.14295192,1.3234686890949883e-07,,1.535481669416902e-12,1,0.1,3.946053329372344e-13,4.257362825457807e-05,-5.23492498958659e-05,baseline,492041.30419205455,7.228016297215748,5.135769025241708e-16,492041.30419205455,7.228016297215748,5.345633193606853e-16,5.135769025241708e-16,5.345633193606853e-16,0.1,0.9,"z1=0.10, z2=0.90"
251740.9336712244,-20150.486011308545,-14.03632830776843,-9.662662114905197,0.0,1.0,80,160,0.1,492041.3040891029,1901853622.0316188,3732366.4479708425,4.915232599313957e-07,,1.0319351077505845e-12,1,0.1,8.60117716184604e-13,4.257362830575371e-05,-5.2349249738438835e-05,baseline,492041.3040891029,7.228016296429374,2.0517900922245614e-16,492041.3040891029,7.228016296429374,1.7130159067418597e-16,2.0517900922245614e-16,1.7130159067418597e-16,0.1,0.9,"z1=0.10, z2=0.90"
251740.5533920545,-20150.58122348063,-14.03631252784941,-9.662640876868956,0.0,1.0,96,192,0.1,492041.3044259062,1901850818.6595867,3732360.9571702923,1.0042985469716805e-06,,1.738348686301988e-12,1,0.1,3.124103879632372e-13,4.2573628076933114e-05,-5.2349250050241814e-05,baseline,492041.3044259062,7.228016298999407,7.552755214723885e-16,492041.3044259062,7.228016298999407,3.5933128815513737e-16,7.552755214723885e-16,3.5933128815513737e-16,0.1,0.9,"z1=0.10, z2=0.90"
251740.47733873763,-20150.66537526926,-14.036312454225639,-9.662633547378917,0.0,1.0,128,256,0.1,492041.3023548334,1901850484.9819713,3732360.497552735,1.4309747248030204e-06,,1.3688089377527064e-11,1,0.1,7.18321116005852e-13,4.2573629417662617e-05,-5.2349251234186466e-05,baseline,492041.3023548334,7.228016283202654,9.263003295827036e-16,492041.3023548334,7.228016283202654,5.460886154078023e-16,9.263003295827036e-16,5.460886154078023e-16,0.1,0.9,"z1=0.10, z2=0.90"
31.509712050289057,-8.608292303012787,0.0002345943471473722,-0.0017350910176882745,0.0,1.0,32,64,0.1,196699.77510889445,8979.126749692992,788.4393651348007,1.7332222720877158e-05,,1.2272867662689447e-13,1,1.0,6.884515877957257e-13,4.934817816328055e-05,2.0926814194482454e-05,baseline,196699.77510889445,1.1259477218171146,2.970952509235436e-16,196699.77510889445,1.1259477218171146,1.461349928516294e-16,2.970952509235436e-16,1.461349928516294e-16,0.1,0.9,"z1=0.10, z2=0.90"
31.500557200153732,-8.602340785801221,0.0002345594886119561,-0.0017351360370635313,0.0,1.0,48,96,0.1,196699.77510897417,8962.742542567485,788.4711182527802,2.942585603836695e-11,,4.7609704977842344e-14,1,1.0,3.159588529131862e-13,4.93676390634549e-05,2.092778040202446e-05,baseline,196699.77510897417,1.1259477218171199,1.5460996498212399e-16,196699.77510897417,1.1259477218171199,1.0959867803635099e-16,1.5460996498212399e-16,1.0959867803635099e-16,0.1,0.9,"z1=0.10, z2=0.90"
31.50055719822571,-8.602340779132991,0.00023455948858083994,-0.0017351360370684234,0.0,1.0,64,128,0.1,196699.7751088078,8962.742571278048,788.4711182635277,2.3147200071293768e-11,,8.693297927458955e-13,1,1.0,2.2777463374264915e-13,4.9367639073115306e-05,2.092778039450524e-05,baseline,196699.7751088078,1.1259477218167564,3.638581054343155e-16,196699.7751088078,1.1259477218167564,5.624167325252132e-16,3.638581054343155e-16,5.624167325252132e-16,0.1,0.9,"z1=0.10, z2=0.90"
31.500557194708133,-8.602340777480407,0.00023455948858623388,-0.001735136037077315,0.0,1.0,80,160,0.1,196699.77510892262,8962.74255684611,788.4711182690457,2.3970964648783906e-12,,5.741501413289905e-13,1,1.0,3.64907936235287e-12,4.9367639079550636e-05,2.0927780396180886e-05,baseline,196699.77510892262,1.1259477218147314,3.7628002848863364e-16,196699.77510892262,1.1259477218147314,3.368166291024106e-16,3.7628002848863364e-16,3.368166291024106e-16,0.1,0.9,"z1=0.10, z2=0.90"
31.50055719220479,-8.60234078326708,0.00023455948849713474,-0.0017351360371096372,0.0,1.0,96,192,0.1,196699.7751087783,8962.74253095795,788.4711183112266,5.101016040832662e-11,,1.81818199389942e-12,1,1.0,3.2061990131215916e-13,4.936763907857028e-05,2.0927780403816664e-05,baseline,196699.7751087783,1.125947721815116,4.538107893040351e-16,196699.7751087783,1.125947721815116,4.901401896939169e-16,4.538107893040351e-16,4.901401896939169e-16,0.1,0.9,"z1=0.10, z2=0.90"
31.50055720012529,-8.602340776944557,0.00023455948850117095,-0.0017351360370292735,0.0,1.0,128,256,0.1,196699.77510853956,8962.742547589547,788.4711183319437,3.073902169163193e-10,,5.2043109956086405e-12,1,1.0,4.6066670012276734e-12,4.936763907237638e-05,2.0927780387082603e-05,baseline,196699.77510853956,1.1259477218169327,5.89517508100772e-16,196699.77510853956,1.1259477218169327,6.616384771736135e-16,5.89517508100772e-16,6.616384771736135e-16,0.1,0.9,"z1=0.10, z2=0.90"
9107957.659936497,8618015.746250482,12.538552299559855,-63.484107622972516,0.0,1.0,32,64,0.1,1096199.1717479655,204679152069.58035,7490641.67747483,58125.303466110934,,3.5370357223042195e-14,1,10.0,2.7124453122427973e-12,4.364875946898008e-06,-2.7534183049125e-06,baseline,1096199.1717479655,11.11475556159838,7.443871832583317e-16,1096199.1717479655,11.11475556159838,6.281977324203696e-16,7.443871832583317e-16,6.281977324203696e-16,0.1,0.9,"z1=0.10, z2=0.90"
6539470.30324711,-9755145.312839486,-22.416290968913742,-56.486339506230856,0.0,1.0,48,96,0.1,1096199.1717481033,8665168794909.205,851106588.2053881,8828.258138727275,,2.0376949126223523e-14,1,10.0,4.181264441913426e-13,4.263578904977166e-06,2.932277373042605e-06,baseline,1096199.1717481033,11.11475556159836,4.2398857061916166e-16,1096199.1717481033,11.11475556159836,5.04982810940527e-16,4.2398857061916166e-16,5.04982810940527e-16,0.1,0.9,"z1=0.10, z2=0.90"
4068450.3253209977,2646217.673043725,24.78710941814429,-1.992142271204556,0.0,1.0,64,128,0.1,1096199.17174788,174999623421.39902,18832878.16351184,46487.68015405823,,5.254912967513706e-14,1,10.0,7.960597463704239e-12,3.1287532253020334e-06,4.057502493275506e-06,baseline,1096199.17174788,11.11475556159837,3.7838406894359244e-16,1096199.17174788,11.11475556159837,4.4012762176612536e-16,3.7838406894359244e-16,4.4012762176612536e-16,0.1,0.9,"z1=0.10, z2=0.90"
-771755.273267013,1350674.702135186,-0.400498643207722,7.939741237490919,0.0,1.0,80,160,0.1,1096199.171747735,759340534077.7633,84503856.77692585,17395.667869460318,,1.1247121239994216e-13,1,10.0,3.252941188734151e-13,2.30857817600969e-06,4.559264970811566e-06,baseline,1096199.171747735,11.114755561598306,3.4700762178093063e-16,1096199.171747735,11.114755561598306,3.9775845199289764e-16,3.4700762178093063e-16,3.9775845199289764e-16,0.1,0.9,"z1=0.10, z2=0.90"
-25403.422556902085,-235381.4525195949,-0.5621528052635956,-1.077338514591641,0.0,1.0,96,192,0.1,1096199.171747979,321492478368.1856,36358956.73667876,3622.8283578433316,,9.177433028063797e-14,1,10.0,3.2166915086722546e-12,1.8724835654232809e-06,4.779076659582163e-06,baseline,1096199.171747979,11.114755561598445,2.2866929763461636e-16,1096199.171747979,11.114755561598445,3.425733131609538e-16,2.2866929763461636e-16,3.425733131609538e-16,0.1,0.9,"z1=0.10, z2=0.90"
4.83323945623401,40.12084186189527,1.7033635903686636e-05,4.2560278920065246e-05,0.0,1.0,128,256,0.1,1096199.1717489413,9424195.819888143,22753.232160767482,0.3733095994279786,,4.544834581341312e-13,1,10.0,6.891438386751751e-11,2.9252140951510456e-07,1.0960414312764258e-06,baseline,1096199.1717489413,11.114755561597667,3.3104597750114336e-16,1096199.1717489413,11.114755561597667,3.7961990300524185e-16,3.3104597750114336e-16,3.7961990300524185e-16,0.1,0.9,"z1=0.10, z2=0.90"
4429173673115098.5,-1578045424859423.5,-2980.7374624528065,975.9878212877305,0.0,1.0,32,64,0.3,1.1966310943632633e+22,4.9172499338371546e+27,10493158.729237135,2.13452486343928,,4.7703524881362064e-14,1,0.001,0.20916397074573956,1.7230092321164152e-14,-6.66839417931024e-13,baseline,1.1966310943632633e+22,15964542035.93035,2.049231990646423e-07,1.1966310943632633e+22,15964542035.93035,3.299279135558931e-07,2.049231990646423e-07,3.299279135558931e-07,0.1,0.9,"z1=0.10, z2=0.90"
3602315819756383.0,-1061680325550721.5,-2420.239826001432,645.5479449494982,0.0,1.0,48,96,0.3,9.5575447294614e+21,1.0996390325643482e+28,10493163.10675274,0.5405980457125548,,2.020035387756507e-13,1,0.001,0.009530068028019166,1.730403607131699e-14,-6.667567730122918e-13,baseline,9.5575447294614e+21,12749406785.80495,1.539250341361903e-07,9.5575447294614e+21,12749406785.80495,3.050820615959139e-07,1.539250341361903e-07,3.050820615959139e-07,0.1,0.9,"z1=0.10, z2=0.90"
3576721186429074.5,-1083199585236652.2,-2403.3435163486038,659.7931828304353,0.0,1.0,64,128,0.3,9.512012289937534e+21,6.222129567725197e+27,10493157.061868867,0.15801630158588664,,1.9552267870834266e-13,1,0.001,0.0012493492964155272,1.7428038560420196e-14,-6.666623837652467e-13,baseline,9.512012289937534e+21,12686934616.702677,2.1671990027312636e-07,9.512012289937534e+21,12686934616.702677,2.0906695009591736e-07,2.1671990027312636e-07,2.0906695009591736e-07,0.1,0.9,"z1=0.10, z2=0.90"
3577282448887362.0,-1086863066013668.6,-2403.6503675381596,662.8007302098777,0.0,1.0,80,160,0.3,9.515986610053307e+21,4.918926131597631e+27,10493165.932020517,0.8512352280886991,,1.1166327353480981e-12,1,0.001,5.844234311019468e-05,1.7270680442714624e-14,-6.666735257602638e-13,baseline,9.515986610053307e+21,12692369522.815874,2.7865412557534454e-07,9.515986610053307e+21,12692369522.815874,4.100339497575778e-08,2.7865412557534454e-07,4.100339497575778e-08,0.1,0.9,"z1=0.10, z2=0.90"
3576502842736525.0,-1089518044571196.5,-2402.8015514989797,666.0764026509943,0.0,1.0,96,192,0.3,9.515920141089734e+21,4.314058280473189e+27,10493164.93448776,0.36728785159832866,,3.3791357551837895e-12,1,0.001,0.001337055428058559,1.685966396865302e-14,-6.666939041366177e-13,baseline,9.515920141089734e+21,12692468405.467304,3.7496072216060204e-07,9.515920141089734e+21,12692468405.467304,3.700675866210766e-07,3.7496072216060204e-07,3.700675866210766e-07,0.1,0.9,"z1=0.10, z2=0.90"
3580074956268412.5,-1078348998588727.9,-2404.586330244944,660.0270630026315,0.0,1.0,128,256,0.3,9.516401997093615e+21,7.545112658824766e+27,10493165.205334654,0.544405502190212,,1.8013934889321954e-12,1,0.001,0.0011892405688098023,1.6454980944569402e-14,-6.667017163544046e-13,baseline,9.516401997093615e+21,12693067392.585901,2.1744120710617204e-07,9.516401997093615e+21,12693067392.585901,3.092465728932444e-07,2.1744120710617204e-07,3.092465728932444e-07,0.1,0.9,"z1=0.10, z2=0.90"
34336059571.239113,-11925611546.397316,-239.88186838774516,40.57460160802862,0.0,1.0,32,64,0.3,8956420275173.072,6.436677914980658e+18,10296525.847330049,1.683328223197499e-05,,9.59871224830716e-14,1,0.01,2.662600217980558e-07,1.1107950983332592e-09,-6.600494068551086e-09,baseline,8956420275173.072,119898.34159587271,1.4146711264924339e-11,8956420275173.072,119898.34159587271,1.0455436423415589e-11,1.4146711264924339e-11,1.0455436423415589e-11,0.1,0.9,"z1=0.10, z2=0.90"
34336061009.62127,-11925606560.001513,-239.88187296328417,40.57450018112891,0.0,1.0,48,96,0.3,8956420362115.676,6.436717564270415e+18,10296525.545248058,8.061268928750454e-06,,1.0818118127956831e-13,1,0.01,5.5667954521128e-10,1.1107968430141185e-09,-6.600493480655829e-09,baseline,8956420362115.676,119898.33756178638,2.014382910564162e-12,8956420362115.676,119898.33756178638,4.210204672822212e-12,2.014382910564162e-12,4.210204672822212e-12,0.1,0.9,"z1=0.10, z2=0.90"
34336051975.319904,-11925638439.980284,-239.88185452557613,40.574690201259266,0.0,1.0,64,128,0.3,8956420295812.416,6.436610405651471e+18,10296526.081548892,1.6662735994770036e-05,,1.90252303655646e-12,1,0.01,3.91625656784738e-09,1.110797686262684e-09,-6.600493356141863e-09,baseline,8956420295812.416,119898.33698059729,6.967954088080277e-12,8956420295812.416,119898.33698059729,9.708358527640194e-12,6.967954088080277e-12,9.708358527640194e-12,0.1,0.9,"z1=0.10, z2=0.90"
34336072498.59413,-11925605490.519878,-239.88178985371096,40.574396603138254,0.0,1.0,80,160,0.3,8956432877102.062,6.436754525554395e+18,10296520.9786194,4.796997031109071e-06,,3.0488630654505346e-14,1,0.01,7.477437249141296e-09,1.1107975957980875e-09,-6.600488624774555e-09,baseline,8956432877102.062,119898.4215546773,2.831500643162609e-12,8956432877102.062,119898.4215546773,2.184182963542708e-12,2.831500643162609e-12,2.184182963542708e-12,0.1,0.9,"z1=0.10, z2=0.90"
34336083662.071552,-11925621676.187923,-239.88190843365774,40.5746271730035,0.0,1.0,96,192,0.3,8956429233279.266,6.436654034342998e+18,10296527.900705226,1.6030266654783175e-05,,1.336657769919614e-12,1,0.01,1.6370891344527538e-09,1.1107943007220714e-09,-6.600490553135707e-09,baseline,8956429233279.266,119898.39704804058,3.4953007411959216e-12,8956429233279.266,119898.39704804058,2.3098024600693313e-12,3.4953007411959216e-12,2.3098024600693313e-12,0.1,0.9,"z1=0.10, z2=0.90"
34336070777.815968,-11925491551.14814,-239.88110758195523,40.57387677300039,0.0,1.0,128,256,0.3,8956469553381.17,6.436650478434272e+18,10296489.445670856,6.154879269189576e-06,,6.999651499161863e-12,1,0.01,1.1398667584290986e-08,1.1107866966881682e-09,-6.600476556621555e-09,baseline,8956469553381.17,119898.66695593052,3.731729926940534e-12,8956469553381.17,119898.66695593052,4.274149480656771e-12,3.731729926940534e-12,4.274149480656771e-12,0.1,0.9,"z1=0.10, z2=0.90"
244876.91372638813,-72113.28356516553,-16.293402861026934,-6.890680143597012,0.0,1.0,32,64,0.3,431211.72203958535,2639712172.0472283,4833309.263930649,7.506216330374669e-08,,3.5349787417364697e-13,1,0.1,2.6939851185521258e-15,4.392446887247816e-05,-5.360188913701658e-05,baseline,431211.72203958535,7.053659422872973,2.991483961103045e-16,431211.72203958535,7.053659422872973,8.006595635734926e-16,2.991483961103045e-16,8.006595635734926e-16,0.1,0.9,"z1=0.10, z2=0.90"
244876.86118439448,-72113.27606227712,-16.293399722601798,-6.890678241426114,0.0,1.0,48,96,0.3,431211.72201065795,2639711626.0443997,4833308.268788549,1.326810792827602e-07,,5.809700885111421e-13,1,0.1,1.6110855991524498e-13,4.392446889406154e-05,-5.3601889161228435e-05,baseline,431211.72201065795,7.053659422627209,6.760586127395075e-16,431211.72201065795,7.053659422627209,4.141468504308081e-16,6.760586127395075e-16,4.141468504308081e-16,0.1,0.9,"z1=0.10, z2=0.90"
244877.02429393036,-72113.29834917356,-16.293409456826033,-6.890684200244307,0.0,1.0,64,128,0.3,431211.7220674632,2639713298.7629275,4833311.335404341,5.145044178368925e-07,,1.3868191687529027e-12,1,0.1,4.039294676073425e-13,4.392446886611048e-05,-5.3601889219708904e-05,baseline,431211.7220674632,7.0536594231116965,2.2122669753389334e-16,431211.7220674632,7.0536594231116965,3.4593348666129373e-16,2.2122669753389334e-16,3.4593348666129373e-16,0.1,0.9,"z1=0.10, z2=0.90"
244876.8274904585,-72113.22014642907,-16.293395464710162,-6.890679743137463,0.0,1.0,80,160,0.3,431211.7220785173,2639711116.9030004,4833307.334779157,3.6415895308143413e-07,,2.5316073841704054e-12,1,0.1,1.2072579749194293e-12,4.3924468840525696e-05,-5.360188919431265e-05,baseline,431211.7220785173,7.053659423201868,2.6086916407332385e-16,431211.7220785173,7.053659423201868,6.896505128976839e-16,2.6086916407332385e-16,6.896505128976839e-16,0.1,0.9,"z1=0.10, z2=0.90"
244876.82485682648,-72113.24682691421,-16.29339642095086,-6.890678144007797,0.0,1.0,96,192,0.3,431211.7224433659,2639711154.1940084,4833307.353727094,2.9981201920305053e-07,,2.915890232359839e-12,1,0.1,1.2333395904752857e-12,4.392446855768018e-05,-5.360188897329998e-05,baseline,431211.7224433659,7.053659426310582,1.9909403186896996e-16,431211.7224433659,7.053659426310582,6.96586853286783e-16,1.9909403186896996e-16,6.96586853286783e-16,0.1,0.9,"z1=0.10, z2=0.90"
244876.86015679175,-72113.2314126757,-16.293397624132766,-6.890681198610114,0.0,1.0,128,256,0.3,431211.7187379706,2639711601.4534683,4833308.311266034,2.664179162162151e-07,,8.37915960325496e-12,1,0.1,1.2587891443915652e-12,4.392447109168783e-05,-5.360188817846718e-05,baseline,431211.7187379706,7.0536593947666075,6.033459502977094e-17,431211.7187379706,7.0536593947666075,2.0208486937813445e-16,6.033459502977094e-17,2.0208486937813445e-16,0.1,0.9,"z1=0.10, z2=0.90"
23.386275024448082,-5.021187742897065,-0.0009731224946005197,-0.0017642601517255847,0.0,1.0,32,64,0.3,181769.91115376918,6235.57721422235,1095.2220646385472,1.403308954606421e-05,,1.3111406444161644e-13,1,1.0,2.567656407362699e-14,8.065595035000879e-05,-2.4293472334410356e-05,baseline,181769.91115376918,1.1293657011364153,6.428291282974584e-16,181769.91115376918,1.1293657011364153,3.0581467177338464e-16,6.428291282974584e-16,3.0581467177338464e-16,0.1,0.9,"z1=0.10, z2=0.90"
23.37744256043834,-5.01869844176147,-0.0009731722467463066,-0.0017642745918247356,0.0,1.0,48,96,0.3,181769.91115382087,6186.531247550031,1095.2572853841468,2.0437544153951812e-11,,1.324568767831554e-13,1,1.0,3.0140266833164885e-13,8.068728176347874e-05,-2.4306641328319566e-05,baseline,181769.91115382087,1.129365701136375,4.681121014451582e-16,181769.91115382087,1.129365701136375,5.140942406606896e-16,4.681121014451582e-16,5.140942406606896e-16,0.1,0.9,"z1=0.10, z2=0.90"
23.37744255822851,-5.018698436183517,-0.0009731722467673736,-0.001764274591819031,0.0,1.0,64,128,0.3,181769.91115375876,6186.531243268435,1095.2572854231605,3.635643859138994e-11,,7.654778167107619e-13,1,1.0,2.5233109341356046e-12,8.06872817696e-05,-2.4306641349456586e-05,baseline,181769.91115375876,1.1293657011367764,2.3737616053560394e-16,181769.91115375876,1.1293657011367764,1.5619304325203747e-16,2.3737616053560394e-16,1.5619304325203747e-16,0.1,0.9,"z1=0.10, z2=0.90"
23.377442555329488,-5.018698437473552,-0.0009731722467820418,-0.0017642745917900912,0.0,1.0,80,160,0.3,181769.91115371778,6186.531218172198,1095.2572853415306,7.18018327308465e-11,,1.0057031123369235e-12,1,1.0,8.289976167866349e-14,8.068728177909755e-05,-2.4306641346606784e-05,baseline,181769.91115371778,1.129365701136895,2.5021644317492587e-16,181769.91115371778,1.129365701136895,4.85623898051479e-16,2.5021644317492587e-16,4.85623898051479e-16,0.1,0.9,"z1=0.10, z2=0.90"
23.37744255630296,-5.01869844453801,-0.00097317224679593,-0.0017642745918187656,0.0,1.0,96,192,0.3,181769.91115356193,6186.53122197042,1095.2572853610156,9.922507626806666e-11,,8.422289311610098e-13,1,1.0,1.5739210912285883e-12,8.068728177899008e-05,-2.430664132182879e-05,baseline,181769.91115356193,1.1293657011369391,4.6137632435174555e-16,181769.91115356193,1.1293657011369391,2.629120703404505e-16,4.6137632435174555e-16,2.629120703404505e-16,0.1,0.9,"z1=0.10, z2=0.90"
23.37744256280831,-5.0186984491275455,-0.0009731722469162137,-0.0017642745919655798,0.0,1.0,128,256,0.3,181769.9111536701,6186.531258062221,1095.257285387441,9.182571255145845e-11,,4.975746041805929e-12,1,1.0,1.973333415083573e-12,8.068728176450822e-05,-2.4306641307478355e-05,baseline,181769.9111536701,1.1293657011303402,3.5385948742743844e-16,181769.9111536701,1.1293657011303402,3.188279305851461e-16,3.5385948742743844e-16,3.188279305851461e-16,0.1,0.9,"z1=0.10, z2=0.90"
-8005239.513781547,-7676125.048344113,29.55640076825373,-54.40500591385172,0.0,1.0,32,64,0.3,1016066.0708959567,159138851792.1796,6508854.207079027,56842.152407849615,,2.8588149959054705e-14,1,10.0,7.220800378748723e-13,-5.385100428388152e-06,1.4715741481144459e-06,baseline,1016066.0708959567,11.141026943676785,2.2794440547493357e-16,1016066.0708959567,11.141026943676785,4.031049317325148e-16,2.2794440547493357e-16,4.031049317325148e-16,0.1,0.9,"z1=0.10, z2=0.90"
-3123713.0899865357,9550696.442444721,-19.332036259271995,-52.79436275046452,0.0,1.0,48,96,0.3,1016066.0708958938,4359957238262.9565,469124973.9985128,14377.226518926902,,3.226521456132373e-14,1,10.0,4.6823192675518725e-12,-3.4617919212192243e-06,-4.395566152094816e-06,baseline,1016066.0708958938,11.141026943676792,2.508636835249209e-16,1016066.0708958938,11.141026943676792,2.0729474684656893e-16,2.508636835249209e-16,2.0729474684656893e-16,0.1,0.9,"z1=0.10, z2=0.90"
-4049402.1780077955,62884.34827198997,20.762189382727122,-8.562764527854187,0.0,1.0,64,128,0.3,1016066.070896185,226324631243.95667,26463852.884437256,44676.26699194683,,5.4483404920769497e-14,1,10.0,1.9796836204078773e-12,-2.0344622031434145e-06,-5.158817102907079e-06,baseline,1016066.070896185,11.141026943676772,2.7297667793265905e-16,1016066.070896185,11.141026943676772,2.959720236466308e-16,2.7297667793265905e-16,2.959720236466308e-16,0.1,0.9,"z1=0.10, z2=0.90"
-525589.55438613,-1107684.8196436525,4.027460445375249,5.457780399066094,0.0,1.0,80,160,0.3,1016066.0708964521,385785320603.7881,46597765.25810892,19021.625187017493,,6.046019204181081e-14,1,10.0,1.19753126005995e-11,-1.059468994675454e-06,-5.429907613790736e-06,baseline,1016066.0708964521,11.141026943676875,6.284495288391485e-16,1016066.0708964521,11.141026943676875,7.169566766055258e-16,6.284495288391485e-16,7.169566766055258e-16,0.1,0.9,"z1=0.10, z2=0.90"
156097.35530546377,4635.983830857584,-0.8658108135587492,0.05110440928255092,0.0,1.0,96,192,0.3,1016066.070895404,398138652183.6198,48868111.26677297,1321.509826516154,,5.438765352659359e-14,1,10.0,1.5285907308888212e-12,-4.916847917228956e-07,-5.532005133108221e-06,baseline,1016066.070895404,11.141026943676898,4.085747690170976e-16,1016066.070895404,11.141026943676898,4.605164280234481e-16,4.085747690170976e-16,4.605164280234481e-16,0.1,0.9,"z1=0.10, z2=0.90"
-2.7926181164529718,31.10641129709179,1.4834596398159495e-05,-1.1222757871554342e-05,0.0,1.0,128,256,0.3,1016066.070895836,2808404.1871629907,24470.334415283203,0.15750787219638065,,6.358500778440838e-13,1,10.0,5.349353557262623e-12,4.4095433192847535e-07,-4.0037324808955347e-07,baseline,1016066.070895836,11.14102694367657,8.357112772918632e-17,1016066.070895836,11.14102694367657,4.589549479253604e-16,8.357112772918632e-17,4.589549479253604e-16,0.1,0.9,"z1=0.10, z2=0.90"
4426517215641518.5,-2593531998753295.5,-2997.3093528370714,1653.6705159906123,0.0,1.0,32,64,0.5,1.5843945596977787e+22,5.603258579378106e+27,18804774.03694729,0.7355619406513537,,1.9953163506518843e-13,1,0.001,0.2836193912186529,1.723437428241649e-14,-6.670281189066205e-13,baseline,1.5843945596977787e+22,21143768024.165817,1.633756544833131e-07,1.5843945596977787e+22,21143768024.165817,7.3873756346216e-08,1.633756544833131e-07,7.3873756346216e-08,0.1,0.9,"z1=0.10, z2=0.90"
3437437625152227.5,-1542098408296872.0,-2319.0319470970408,968.8424091159851,0.0,1.0,48,96,0.5,1.163606658268556e+22,7.926721195829246e+27,18804761.984081514,0.31887842422528223,,1.0919244679069987e-13,1,0.001,0.013197098076090867,1.7319948310861257e-14,-6.668696664055283e-13,baseline,1.163606658268556e+22,15524713093.262636,1.1152421907357285e-07,1.163606658268556e+22,15524713093.262636,2.7130265908284904e-07,1.1152421907357285e-07,2.7130265908284904e-07,0.1,0.9,"z1=0.10, z2=0.90"
3393245326422136.0,-1565046997275347.0,-2290.2705256495415,984.6142459545152,0.0,1.0,64,128,0.5,1.1540230538836083e+22,1.0025098302265328e+28,18804763.361329786,0.20320851366232126,,8.209171707737506e-13,1,0.001,0.0009157303427916082,1.742711824193487e-14,-6.669120705634212e-13,baseline,1.1540230538836083e+22,15397892391.042307,2.6951776508997527e-07,1.1540230538836083e+22,15397892391.042307,2.3023784291954146e-07,2.6951776508997527e-07,2.3023784291954146e-07,0.1,0.9,"z1=0.10, z2=0.90"
3396080602536188.0,-1565394799113474.8,-2291.4080228530966,985.4836769223301,0.0,1.0,80,160,0.5,1.1550605881153285e+22,7.928254165490685e+27,18804782.61212525,0.4148670138251916,,1.052281183618008e-12,1,0.001,0.0005312910091222256,1.7175287427675297e-14,-6.668045262380973e-13,baseline,1.1550605881153285e+22,15409101596.235752,3.126501661599537e-07,1.1550605881153285e+22,15409101596.235752,3.2095352645873494e-07,3.126501661599537e-07,3.2095352645873494e-07,0.1,0.9,"z1=0.10, z2=0.90"
3396479097482981.5,-1560306254661972.0,-2292.945586255969,982.6185634805234,0.0,1.0,96,192,0.5,1.1538398988627608e+22,5.432375785062672e+27,18804787.76067486,0.2120970108854924,,3.92683841368349e-13,1,0.001,0.0018248414995938507,1.719707695595202e-14,-6.671947079547863e-13,baseline,1.1538398988627608e+22,15401831058.706137,2.643989957442683e-07,1.1538398988627608e+22,15401831058.706137,2.6228177648316996e-07,2.643989957442683e-07,2.6228177648316996e-07,0.1,0.9,"z1=0.10, z2=0.90"
3388619317974742.0,-1573939625156598.8,-2288.752239510628,991.6815172526989,0.0,1.0,128,256,0.5,1.1530878284192413e+22,5.005661610555858e+27,18804758.91362639,0.38717383492539403,,8.939937391074588e-12,1,0.001,0.0021800328473268404,1.7329959197768235e-14,-6.673738528347048e-13,baseline,1.1530878284192413e+22,15396001653.850473,3.0839479416333574e-07,1.1530878284192413e+22,15396001653.850473,3.519553343880364e-07,3.0839479416333574e-07,3.519553343880364e-07,0.1,0.9,"z1=0.10, z2=0.90"
32390321632.63812,-16612553238.895454,-232.86780681171925,73.86250698861808,0.0,1.0,32,64,0.5,10819388566693.092,1.5303591452085512e+19,18468223.957541443,2.9017935558617327e-06,,2.4449713591430484e-13,1,0.01,3.322907022351972e-07,1.1139442277511379e-09,-6.6180988090911965e-09,baseline,10819388566693.092,145223.68663654893,3.389578209553564e-12,10819388566693.092,145223.68663654893,2.3434143719454212e-12,3.389578209553564e-12,2.3434143719454212e-12,0.1,0.9,"z1=0.10, z2=0.90"
32390328657.174507,-16612566739.650427,-232.86788467783322,73.8625031943928,0.0,1.0,48,96,0.5,10819389057871.906,1.5304626483359027e+19,18468229.852379374,4.681684626104783e-06,,2.0724441433308907e-13,1,0.01,2.3448478190846205e-09,1.1139465180602295e-09,-6.618098138830551e-09,baseline,10819389057871.906,145223.6871534994,5.936454357633646e-12,10819389057871.906,145223.6871534994,9.806404831769768e-12,5.936454357633646e-12,9.806404831769768e-12,0.1,0.9,"z1=0.10, z2=0.90"
32390289525.489204,-16612553894.518215,-232.86764158420195,73.86245614041817,0.0,1.0,64,128,0.5,10819386665292.03,1.5303290565256006e+19,18468211.231392864,3.126628780561521e-06,,6.963035268094054e-13,1,0.01,6.2106758955261e-09,1.1139470342966214e-09,-6.618098806206117e-09,baseline,10819386665292.03,145223.67113401945,1.017306305409789e-11,10819386665292.03,145223.67113401945,5.789780952219045e-12,1.017306305409789e-11,5.789780952219045e-12,0.1,0.9,"z1=0.10, z2=0.90"
32390276291.84135,-16612605822.628792,-232.86750117220657,73.8628396332744,0.0,1.0,80,160,0.5,10819395355618.703,1.5303899759577205e+19,18468209.742233068,5.279383854882929e-06,,1.6904509137686504e-12,1,0.01,3.3476326600818626e-09,1.1139450335934718e-09,-6.6180964154059405e-09,baseline,10819395355618.703,145223.72957822078,4.812178406743944e-12,10819395355618.703,145223.72957822078,1.9038534773122487e-12,4.812178406743944e-12,1.9038534773122487e-12,0.1,0.9,"z1=0.10, z2=0.90"
32390321504.416126,-16612527668.816572,-232.86755045280347,73.86264387001847,0.0,1.0,96,192,0.5,10819399176374.45,1.530421560171042e+19,18468208.836362258,2.709469441723314e-06,,9.390621693299262e-13,1,0.01,9.093931469211907e-09,1.1139339027473455e-09,-6.618097095546089e-09,baseline,10819399176374.45,145223.75540794735,1.988501457327927e-12,10819399176374.45,145223.75540794735,4.924259071865654e-13,1.988501457327927e-12,4.924259071865654e-13,0.1,0.9,"z1=0.10, z2=0.90"
32390235183.585552,-16612440403.788683,-232.86702608302645,73.86252816233689,0.0,1.0,128,256,0.5,10819377151495.434,1.5303699790425864e+19,18468165.683211748,6.617639917947958e-07,,1.2100619667103657e-11,1,0.01,1.168329694714391e-08,1.11392677133645e-09,-6.618105202541026e-09,baseline,10819377151495.434,145223.60716868006,6.869538560025889e-13,10819377151495.434,145223.60716868006,3.2936036620843124e-12,6.869538560025889e-13,3.2936036620843124e-12,0.1,0.9,"z1=0.10, z2=0.90"
232645.27482383014,-114228.1880251272,-17.94640220792294,-4.272968529679348,0.0,1.0,32,64,0.5,325797.81798654277,6086568173.194963,9053146.447679942,1.6442899803771606e-07,,1.882956102671764e-13,1,0.1,3.0205182627091125e-14,4.5317622623442726e-05,-5.488979864177554e-05,baseline,325797.81798654277,6.717295237892814,2.1824628728793175e-16,325797.81798654277,6.717295237892814,1.9858167315241564e-16,2.1824628728793175e-16,1.9858167315241564e-16,0.1,0.9,"z1=0.10, z2=0.90"
232645.37446456545,-114228.22694781734,-17.946409442136428,-4.272970908619876,0.0,1.0,48,96,0.5,325797.8179857892,6086570684.508619,9053150.183161309,2.468137165365222e-07,,2.688673770480204e-13,1,0.1,5.297549228616526e-14,4.531762262497766e-05,-5.488979864562032e-05,baseline,325797.8179857892,6.7172952378848585,5.618935431603045e-16,325797.8179857892,6.7172952378848585,1.9858137759293996e-16,5.618935431603045e-16,1.9858137759293996e-16,0.1,0.9,"z1=0.10, z2=0.90"
232645.24096893717,-114228.13400662714,-17.946397919215364,-4.272969974434099,0.0,1.0,64,128,0.5,325797.81790719833,6086566905.015098,9053144.580540793,3.945082571628297e-07,,1.3022244879009328e-12,1,0.1,4.239829636693749e-13,4.5317622701510486e-05,-5.488979867897013e-05,baseline,325797.81790719833,6.717295237039649,9.809902115864428e-16,325797.81790719833,6.717295237039649,1.2986989939321205e-15,9.809902115864428e-16,1.2986989939321205e-15,0.1,0.9,"z1=0.10, z2=0.90"
232645.24894164005,-114228.08120998004,-17.9463959222949,-4.272973184133312,0.0,1.0,80,160,0.5,325797.81817587494,6086566707.235466,9053144.238884173,5.582479685403462e-07,,9.866075852917818e-13,1,0.1,7.325485730740053e-13,4.5317622458427304e-05,-5.488979861812617e-05,baseline,325797.81817587494,6.717295239931605,8.476222523444833e-17,325797.81817587494,6.717295239931605,2.4054755346545657e-16,8.476222523444833e-17,2.4054755346545657e-16,0.1,0.9,"z1=0.10, z2=0.90"
232645.4076723023,-114227.98160394143,-17.94640005164976,-4.272985845238493,0.0,1.0,96,192,0.5,325797.8182352666,6086568501.601077,9053146.839781644,1.109420323599795e-06,,3.586955315979249e-13,1,0.1,9.46195168835124e-13,4.5317622341929604e-05,-5.4889798376887464e-05,baseline,325797.8182352666,6.7172952405760915,1.5171494278047005e-16,325797.8182352666,6.7172952405760915,3.6254775681900454e-16,1.5171494278047005e-16,3.6254775681900454e-16,0.1,0.9,"z1=0.10, z2=0.90"
232645.4311111328,-114228.2549727519,-17.946414103084862,-4.272971691059763,0.0,1.0,128,256,0.5,325797.818903455,6086571332.435059,9053151.36015289,8.201600878181915e-07,,5.322560948292746e-12,1,0.1,1.0614870773562317e-12,4.5317622250591595e-05,-5.4889800039895785e-05,baseline,325797.818903455,6.7172952477689005,9.922495744025856e-17,325797.818903455,6.7172952477689005,9.336710763221425e-17,9.922495744025856e-17,9.336710763221425e-17,0.1,0.9,"z1=0.10, z2=0.90"
15.250395911109072,-1.5273652015282817,-0.0020969890464681462,-0.0005607965976469542,0.0,1.0,32,64,0.5,152838.0161385907,4188.2760024177105,1419.985199416635,8.749207684431366e-06,,1.7857181511104834e-13,1,1.0,5.1385574808746723e-14,5.004200481220999e-05,-0.0001324920770241382,baseline,152838.0161385907,1.1366345376543203,1.8687587008400848e-16,152838.0161385907,1.1366345376543203,2.7784507969326767e-16,1.8687587008400848e-16,2.7784507969326767e-16,0.1,0.9,"z1=0.10, z2=0.90"
15.24740719228495,-1.5313628856281865,-0.0020970186671906083,-0.0005607808457789303,0.0,1.0,48,96,0.5,152838.01613857242,4179.367399618902,1420.0136663063856,1.2239786051397677e-11,,3.4695991132998263e-13,1,1.0,3.6142956477510767e-13,5.008655482630956e-05,-0.0001325023953635133,baseline,152838.01613857242,1.1366345376543359,3.919895240542363e-16,152838.01613857242,1.1366345376543359,3.8185677443748103e-16,3.919895240542363e-16,3.8185677443748103e-16,0.1,0.9,"z1=0.10, z2=0.90"
15.247407190170975,-1.53136288412726,-0.0020970186671962505,-0.0005607808457535101,0.0,1.0,64,128,0.5,152838.01613859227,4179.367388801203,1420.0136663604326,4.588106264246949e-11,,1.215722454166618e-12,1,1.0,9.321296421235763e-13,5.008655482097455e-05,-0.00013250239538772037,baseline,152838.01613859227,1.1366345376543727,3.8297706591330485e-16,152838.01613859227,1.1366345376543727,5.611446214946919e-16,3.8297706591330485e-16,5.611446214946919e-16,0.1,0.9,"z1=0.10, z2=0.90"
15.247407190513307,-1.5313628873847092,-0.002097018667199618,-0.000560780845762929,0.0,1.0,80,160,0.5,152838.01613842626,4179.367387003996,1420.0136662083041,8.77875683215621e-11,,1.7284526128237727e-13,1,1.0,3.61934682898042e-13,5.008655484716007e-05,-0.0001325023953716359,baseline,152838.01613842626,1.1366345376537976,4.094197050386373e-16,152838.01613842626,1.1366345376537976,7.809887435431501e-17,4.094197050386373e-16,7.809887435431501e-17,0.1,0.9,"z1=0.10, z2=0.90"
15.247407193959203,-1.5313628879031946,-0.0020970186672381887,-0.0005607808458532564,0.0,1.0,96,192,0.5,152838.01613854713,4179.367407901398,1420.013666235845,9.498007136897875e-11,,1.7376792638439079e-12,1,1.0,3.0211101133542844e-12,5.008655484338396e-05,-0.00013250239534289625,baseline,152838.01613854713,1.1366345376550073,3.2367469670936843e-16,152838.01613854713,1.1366345376550073,3.6028264099993265e-16,3.2367469670936843e-16,3.6028264099993265e-16,0.1,0.9,"z1=0.10, z2=0.90"
15.24740719929761,-1.5313628841064766,-0.0020970186672554796,-0.0005607808457759726,0.0,1.0,128,256,0.5,152838.0161387832,4179.367426732583,1420.01366614529,8.109078772826947e-11,,7.448748991246226e-12,1,1.0,1.953097900660777e-12,5.0086554785080276e-05,-0.00013250239531596627,baseline,152838.0161387832,1.1366345376532667,3.2367469670965084e-16,152838.0161387832,1.1366345376532667,1.9959166804055136e-16,3.2367469670965084e-16,1.9959166804055136e-16,0.1,0.9,"z1=0.10, z2=0.90"
-3933868.921504261,-7698810.41838175,4.609110196265706,-57.22085985947167,0.0,1.0,32,64,0.5,859443.3476521022,149961658496.37332,7836492.076380127,53875.90711418793,,1.9243590905054086e-14,1,10.0,6.786642770429848e-13,-3.4862135607789275e-06,5.651074687476406e-06,baseline,859443.3476521022,11.20106215587343,6.963173063692742e-16,859443.3476521022,11.20106215587343,5.32163876333023e-16,6.963173063692742e-16,5.32163876333023e-16,0.1,0.9,"z1=0.10, z2=0.90"
-363109.53737873107,7271409.554744097,-47.3308537563343,-10.085713007896189,0.0,1.0,48,96,0.5,859443.3476521448,1814168522923.449,238150169.23024508,24381.261996825728,,3.4114565526016495e-14,1,10.0,2.758952094463172e-12,-6.562072071855046e-06,-1.059349221859379e-06,baseline,859443.3476521448,11.20106215587344,3.14279190624621e-16,859443.3476521448,11.20106215587344,4.0190416789663736e-16,3.14279190624621e-16,4.0190416789663736e-16,0.1,0.9,"z1=0.10, z2=0.90"
-1516284.8915615731,2314161.2067965083,-9.929842647452613,-15.338034169635568,0.0,1.0,64,128,0.5,859443.3476521157,463399906125.2638,65185335.012753606,35499.88548067272,,6.583981490322039e-14,1,10.0,1.1768506437239878e-12,-6.040409677775075e-06,-2.670104493254629e-06,baseline,859443.3476521157,11.20106215587334,2.318801722392004e-16,859443.3476521157,11.20106215587334,1.827161846818237e-16,2.318801722392004e-16,1.827161846818237e-16,0.1,0.9,"z1=0.10, z2=0.90"
-563162.5184595998,457172.85525819863,-0.43637821118064046,-4.7637344943816196,0.0,1.0,80,160,0.5,859443.3476521835,241794400083.78207,35062189.63193476,14170.079753839782,,3.720721229829272e-14,1,10.0,1.2773139795225586e-11,-5.477919714429483e-06,-3.672080292553445e-06,baseline,859443.3476521835,11.201062155873526,2.617204592427777e-16,859443.3476521835,11.201062155873526,3.644554736097421e-16,2.617204592427777e-16,3.644554736097421e-16,0.1,0.9,"z1=0.10, z2=0.90"
-54143.28727841623,-14506.692519567814,0.30254129522705536,-0.21129482047983195,0.0,1.0,96,192,0.5,859443.34765156,49914996628.365974,7297025.3022193005,2045.4015451027783,,9.235848487070929e-14,1,10.0,1.7078131342446516e-11,-5.03799286304669e-06,-4.237952540028557e-06,baseline,859443.34765156,11.201062155873585,7.040647074736283e-16,859443.34765156,11.201062155873585,5.354626729982861e-16,7.040647074736283e-16,5.354626729982861e-16,0.1,0.9,"z1=0.10, z2=0.90"
-5.050905237428567,24.308890300911642,1.957433713964896e-06,1.4407259822669785e-06,0.0,1.0,128,256,0.5,859443.3476535479,81830.36695538972,20370.802752857457,0.014799271573342173,,2.9521781735860247e-13,1,10.0,9.483095025077315e-13,8.899578933021163e-08,4.077589192924822e-08,baseline,859443.3476535479,11.201062155873363,3.397103900359024e-16,859443.3476535479,11.201062155873363,3.798986651693497e-16,3.397103900359024e-16,3.798986651693497e-16,0.1,0.9,"z1=0.10, z2=0.90"
4787662386666318.0,-4534055749297990.0,-3272.5145671908213,2943.0566464917615,0.0,1.0,32,64,0.7,2.914834450401602e+22,7.823947635349874e+27,44089262.59982981,0.8083072367874063,,2.810206234230934e-13,1,0.001,0.49603396897764174,1.7189803669198564e-14,-6.67251527161169e-13,baseline,2.914834450401602e+22,38911456357.54452,5.786538692009417e-07,2.914834450401602e+22,38911456357.54452,2.5758644737263467e-07,5.786538692009417e-07,2.5758644737263467e-07,0.1,0.9,"z1=0.10, z2=0.90"
3480417986639230.0,-1539385120430858.8,-2348.3337448662446,966.7176395158131,0.0,1.0,48,96,0.7,1.6824484165936927e+22,7.826649231131489e+27,44089279.41574921,0.1830149271456242,,1.874562236195417e-13,1,0.001,0.025234151257133013,1.728980798088274e-14,-6.67080241694553e-13,baseline,1.6824484165936927e+22,22454099862.370884,3.6893741634079494e-07,1.6824484165936927e+22,22454099862.370884,6.06703128211631e-07,3.6893741634079494e-07,6.06703128211631e-07,0.1,0.9,"z1=0.10, z2=0.90"
3390779784175495.0,-1570966618266142.5,-2289.6062052674542,988.2348139694266,0.0,1.0,64,128,0.7,1.652043701203838e+22,7.826213478594214e+27,44089237.61802569,0.08444911125852621,,7.773974754236216e-13,1,0.001,0.001878680179134373,1.7615652469294342e-14,-6.670833104041373e-13,baseline,1.652043701203838e+22,22048698965.34536,2.7409343832988473e-07,1.652043701203838e+22,22048698965.34536,1.6988060171738092e-07,2.7409343832988473e-07,1.6988060171738092e-07,0.1,0.9,"z1=0.10, z2=0.90"
3391966727131490.0,-1568020504982135.8,-2290.7000978730107,990.0096188575627,0.0,1.0,80,160,0.7,1.6507702183955882e+22,9.476884659557702e+27,44089298.16823637,0.14131224896584024,,1.2034451306497768e-12,1,0.001,0.0012249694752927034,1.6741830300052215e-14,-6.675916206839066e-13,baseline,1.6507702183955882e+22,22047737279.952682,3.855602620700441e-07,1.6507702183955882e+22,22047737279.952682,6.494179728113001e-07,3.855602620700441e-07,6.494179728113001e-07,0.1,0.9,"z1=0.10, z2=0.90"
3403368368680942.5,-1562595547406888.2,-2294.1085140289965,984.3768623692856,0.0,1.0,96,192,0.7,1.6573222192716444e+22,3.6890482391021594e+27,44089320.97205981,0.09813926329623261,,5.736003069164197e-13,1,0.001,0.0038376484289480385,1.672534832895839e-14,-6.663908556217629e-13,baseline,1.6573222192716444e+22,22095443588.678364,9.375341625664666e-07,1.6573222192716444e+22,22095443588.678364,1.8555873588533204e-07,9.375341625664666e-07,1.8555873588533204e-07,0.1,0.9,"z1=0.10, z2=0.90"
3393803189181950.0,-1570361775667860.0,-2288.398205948465,996.2620527715042,0.0,1.0,128,256,0.7,1.6528626313774078e+22,9.779462693173699e+27,44089327.51334688,0.09197149696811033,,5.2486636249683834e-12,1,0.001,0.00144757702639523,1.5195702785892385e-14,-6.672559747593786e-13,baseline,1.6528626313774078e+22,22063368820.692047,3.8572862810692e-07,1.6528626313774078e+22,22063368820.692047,8.23561976890093e-07,3.8572862810692e-07,8.23561976890093e-07,0.1,0.9,"z1=0.10, z2=0.90"
32372125412.693695,-16841650385.713245,-233.62735066019675,75.59410593430215,0.0,1.0,32,64,0.7,15418086791414.06,6.104726064159971e+19,43617026.06767906,2.1136645358187777e-07,,2.0218959713615902e-13,1,0.01,4.879529539273679e-07,1.1171020544338424e-09,-6.635755474060646e-09,baseline,15418086791414.06,207501.6448606463,7.476433726782804e-12,15418086791414.06,207501.6448606463,1.1509338782335411e-11,7.476433726782804e-12,1.1509338782335411e-11,0.1,0.9,"z1=0.10, z2=0.90"
32372117340.85768,-16841667408.151112,-233.6273914608519,75.59408680768543,0.0,1.0,48,96,0.7,15418085375128.707,6.104513751882079e+19,43617032.32302099,2.6925956096136986e-06,,1.2780901210432635e-13,1,0.01,3.39383636672406e-09,1.1171064376697008e-09,-6.63575552121803e-09,baseline,15418085375128.707,207501.6496725834,1.617538542083515e-11,15418085375128.707,207501.6496725834,1.4165443277691053e-11,1.617538542083515e-11,1.4165443277691053e-11,0.1,0.9,"z1=0.10, z2=0.90"
32372143506.481403,-16841683049.590668,-233.6275337880205,75.59413865525474,0.0,1.0,64,128,0.7,15418092035272.535,6.1043993570402574e+19,43617059.47198984,9.028108400720803e-07,,1.4254810281295014e-12,1,0.01,2.5085159064071924e-09,1.1171063730098952e-09,-6.635754048171108e-09,baseline,15418092035272.535,207501.6941826118,2.022348003709594e-11,15418092035272.535,207501.6941826118,2.0086302273952444e-11,2.022348003709594e-11,2.0086302273952444e-11,0.1,0.9,"z1=0.10, z2=0.90"
32372030207.815346,-16841607069.0113,-233.62670508763537,75.59389618555478,0.0,1.0,80,160,0.7,15418085918855.53,6.1045111930226115e+19,43616905.72707149,2.709130814379055e-07,,3.7094070330892347e-13,1,0.01,1.0675782713339946e-08,1.1171031885320114e-09,-6.635755952031048e-09,baseline,15418085918855.53,207501.65346079133,2.008302516991095e-11,15418085918855.53,207501.65346079133,9.486730433656215e-12,2.008302516991095e-11,9.486730433656215e-12,0.1,0.9,"z1=0.10, z2=0.90"
32372068275.915203,-16841631042.106915,-233.62715545667018,75.5940211360973,0.0,1.0,96,192,0.7,15418065158719.672,6.104605976564792e+19,43616988.51925753,1.5088788274837865e-06,,1.6559013282040702e-12,1,0.01,1.5297033449641966e-08,1.1171051468823877e-09,-6.6357602148472934e-09,baseline,15418065158719.672,207501.51371418076,1.6647080068965427e-11,15418065158719.672,207501.51371418076,2.149448229199698e-11,1.6647080068965427e-11,2.149448229199698e-11,0.1,0.9,"z1=0.10, z2=0.90"
32371914343.628426,-16841796892.812378,-233.62683290300467,75.5939760853845,0.0,1.0,128,256,0.7,15418054763902.654,6.104387193459765e+19,43616930.44662412,2.19201788200199e-06,,2.448815177141579e-12,1,0.01,9.977398487356563e-09,1.117143674029017e-09,-6.635756037307011e-09,baseline,15418054763902.654,207501.44397866534,1.782624861599066e-11,15418054763902.654,207501.44397866534,1.086597520798159e-11,1.782624861599066e-11,1.086597520798159e-11,0.1,0.9,"z1=0.10, z2=0.90"
232368.8642801294,-129280.7625034372,-19.1068633259936,-3.59690872921265,0.0,1.0,32,64,0.7,189087.02979187242,25098137001.04186,24352809.792155653,3.86500231025287e-08,,1.297849416330028e-13,1,0.1,4.200890778043002e-14,4.675456575708095e-05,-5.6214060583666956e-05,baseline,189087.02979187242,6.049042522485898,1.3639571390051507e-16,189087.02979187242,6.049042522485898,1.4137187825139832e-16,1.3639571390051507e-16,1.4137187825139832e-16,0.1,0.9,"z1=0.10, z2=0.90"
232368.95365353322,-129280.7826994319,-19.106869296018523,-3.5969117700915976,0.0,1.0,48,96,0.7,189087.02980213906,25098145519.63637,24352818.06438772,3.4340314637346656e-07,,3.2574365758453124e-13,1,0.1,7.735204034268335e-14,4.6754565752232165e-05,-5.621406059380119e-05,baseline,189087.02980213906,6.049042522660889,1.5244748000055196e-16,189087.02980213906,6.049042522660889,1.531724234130328e-16,1.5244748000055196e-16,1.531724234130328e-16,0.1,0.9,"z1=0.10, z2=0.90"
232369.08853906143,-129280.78131001434,-19.106876835778095,-3.5969181278108335,0.0,1.0,64,128,0.7,189087.02991471541,25098156522.38092,24352828.838796854,8.375265029070671e-07,,3.5386877704054273e-13,1,0.1,1.650401962059235e-13,4.6754565704527086e-05,-5.621406071612934e-05,baseline,189087.02991471541,6.049042524562167,1.5545901051942477e-16,189087.02991471541,6.049042524562167,3.082375280623064e-16,1.5545901051942477e-16,3.082375280623064e-16,0.1,0.9,"z1=0.10, z2=0.90"
232368.66907262677,-129280.6393506563,-19.106846517812574,-3.596906520987204,0.0,1.0,80,160,0.7,189087.02981389713,25098116236.583847,24352789.502660304,8.895063385327436e-07,,7.991492055967773e-13,1,0.1,7.597074840738221e-13,4.675456560249158e-05,-5.621406033907959e-05,baseline,189087.02981389713,6.049042522857309,5.041193690350761e-16,189087.02981389713,6.049042522857309,2.7284917019321633e-16,5.041193690350761e-16,2.7284917019321633e-16,0.1,0.9,"z1=0.10, z2=0.90"
232368.94771798406,-129280.54479915238,-19.10685785328722,-3.5969248869617076,0.0,1.0,96,192,0.7,189087.02970265565,25098133785.345684,24352806.80230918,8.841475622466686e-07,,1.4938274111346302e-12,1,0.1,4.967829988910885e-13,4.67545658467172e-05,-5.621406060085549e-05,baseline,189087.02970265565,6.049042520977578,1.403743372900077e-16,189087.02970265565,6.049042520977578,1.9553964741129625e-16,1.403743372900077e-16,1.9553964741129625e-16,0.1,0.9,"z1=0.10, z2=0.90"
232368.69841498174,-129280.96534042225,-19.106863286912887,-3.596889093791688,0.0,1.0,128,256,0.7,189087.03179536125,25098141235.658024,24352813.202378225,1.5938654697237654e-06,,2.372130105456613e-12,1,0.1,1.860388584301873e-12,4.675456382239443e-05,-5.621406080502093e-05,baseline,189087.03179536125,6.049042556332728,4.967068097765653e-16,189087.03179536125,6.049042556332728,2.0676102876491651e-16,4.967068097765653e-16,2.0676102876491651e-16,0.1,0.9,"z1=0.10, z2=0.90"
7.485983251374791,1.2862206063016692,-0.0014183397301266209,0.0014915870752782296,0.0,1.0,32,64,0.7,111251.59415874431,2590.9607308230325,1769.1201205122259,3.7881656816018355e-06,,3.0504715008848234e-13,1,1.0,1.8900475778307538e-13,-0.00022515728061476512,-0.0001507801658431137,baseline,111251.59415874431,1.1507415565178278,2.4330257114999064e-16,111251.59415874431,1.1507415565178278,2.001702764289631e-16,2.4330257114999064e-16,2.001702764289631e-16,0.1,0.9,"z1=0.10, z2=0.90"
7.487354486738194,1.2866113503689536,-0.0014183417068440421,0.0014916001211662069,0.0,1.0,48,96,0.7,111251.59415873862,2596.9060807831665,1769.1356842768118,9.516819157792575e-12,,3.929068728851048e-13,1,1.0,1.3178847733494156e-12,-0.00022512003728652336,-0.00015074746543320512,baseline,111251.59415873862,1.150741556517803,3.3740364396664803e-16,111251.59415873862,1.150741556517803,2.852131565776853e-16,3.3740364396664803e-16,2.852131565776853e-16,0.1,0.9,"z1=0.10, z2=0.90"
7.487354484790649,1.2866113492134923,-0.0014183417068493475,0.0014916001211306784,0.0,1.0,64,128,0.7,111251.59415876043,2596.9060746963955,1769.1356842571222,1.332543658945912e-11,,3.5641213470363694e-13,1,1.0,1.0467742739542216e-12,-0.0002251200373286563,-0.0001507474655006257,baseline,111251.59415876043,1.150741556518506,1.6925658120045112e-16,111251.59415876043,1.150741556518506,1.4919724781665007e-16,1.6925658120045112e-16,1.4919724781665007e-16,0.1,0.9,"z1=0.10, z2=0.90"
7.487354486742297,1.286611350306257,-0.001418341706884004,0.0014916001211526932,0.0,1.0,80,160,0.7,111251.59415866845,2596.9060831541415,1769.1356843074998,6.304556121659284e-11,,2.1875314277101806e-12,1,1.0,1.277644264181792e-12,-0.00022512003728461603,-0.00015074746544067261,baseline,111251.59415866845,1.1507415565187455,4.153151759736637e-16,111251.59415866845,1.1507415565187455,1.8741580585686228e-16,4.153151759736637e-16,1.8741580585686228e-16,0.1,0.9,"z1=0.10, z2=0.90"
7.487354485268,1.2866113499111824,-0.0014183417067980871,0.0014916001211623662,0.0,1.0,96,192,0.7,111251.59415863147,2596.9060633012114,1769.135684213849,3.403278228129671e-10,,2.6504862533171714e-12,1,1.0,2.8873449769525022e-12,-0.00022512003732622234,-0.00015074746546360962,baseline,111251.59415863147,1.1507415565205317,2.5815665672690685e-16,111251.59415863147,1.1507415565205317,6.188697998277784e-16,2.5815665672690685e-16,6.188697998277784e-16,0.1,0.9,"z1=0.10, z2=0.90"
7.487354479148283,1.286611354220085,-0.0014183417068367279,0.0014916001209716388,0.0,1.0,128,256,0.7,111251.59415874722,2596.9060341776435,1769.1356844885152,1.5830501529592711e-10,,6.599531130518815e-12,1,1.0,7.0463641896265475e-12,-0.0002251200375642703,-0.00015074746542152224,baseline,111251.59415874722,1.1507415565102335,1.168287088129751e-16,111251.59415874722,1.1507415565102335,2.60185302233842e-16,1.168287088129751e-16,2.60185302233842e-16,0.1,0.9,"z1=0.10, z2=0.90"
-5404704.049646268,1042484.0741942585,34.632079090827695,36.40633767717788,0.0,1.0,32,64,0.7,632646.2106002083,374783990268.394,30624805.89884178,48004.50145728149,,3.3209016890794077e-15,1,10.0,2.9532057929984946e-12,7.686050379202069e-06,-4.92524544036727e-06,baseline,632646.2106002083,11.320687696343944,1.9838452069280701e-16,632646.2106002083,11.320687696343944,2.6552559899861597e-16,1.9838452069280701e-16,2.6552559899861597e-16,0.1,0.9,"z1=0.10, z2=0.90"
3077464.7934905,-2600644.7351969145,-3.521314761170517,-36.53936427197156,0.0,1.0,48,96,0.7,632646.2106002833,477980046648.0805,89607636.82327649,33555.99416281745,,6.166293890952983e-15,1,10.0,8.552785261303237e-12,7.490774157913505e-06,5.18593345045382e-06,baseline,632646.2106002833,11.320687696343937,2.0054721401129056e-16,632646.2106002833,11.320687696343937,1.0942591208025365e-16,2.0054721401129056e-16,1.0942591208025365e-16,0.1,0.9,"z1=0.10, z2=0.90"
105985.97104114085,-1339295.6099390043,-7.5259773618243315,-9.621610982629113,0.0,1.0,64,128,0.7,632646.2106003935,737477375117.3059,146068588.88515782,10138.41541820352,,1.6518312946270276e-14,1,10.0,7.621082419277988e-12,6.149361653658918e-06,6.697449651829616e-06,baseline,632646.2106003935,11.320687696343889,2.0489687910812309e-16,632646.2106003935,11.320687696343889,2.0381537273579555e-16,2.0489687910812309e-16,2.0381537273579555e-16,0.1,0.9,"z1=0.10, z2=0.90"
-229121.78354851977,-87286.86263423665,-2.17304423461193,0.4745968314474629,0.0,1.0,80,160,0.7,632646.210599908,119715020687.59297,24264021.705915593,3605.7853672160268,,7.674082931286681e-14,1,10.0,2.978313596621533e-12,4.964065108329778e-06,7.593108513950291e-06,baseline,632646.210599908,11.320687696343903,7.903691581562089e-17,632646.210599908,11.320687696343903,1.9178130791124635e-16,7.903691581562089e-17,1.9178130791124635e-16,0.1,0.9,"z1=0.10, z2=0.90"
-3109.9481874404773,4723.666295367916,-0.003536067141550361,0.05079571342149618,0.0,1.0,96,192,0.7,632646.210600101,8175463780.42834,1673420.3815098146,353.90748367930433,,4.904957379018507e-15,1,10.0,1.4382478461682115e-12,4.416748933863692e-06,7.845569683148123e-06,baseline,632646.210600101,11.320687696343608,3.989825558919472e-16,632646.210600101,11.320687696343608,3.528309941420287e-16,3.989825558919472e-16,3.528309941420287e-16,0.1,0.9,"z1=0.10, z2=0.90"
-10.8208566239449,16.385024661461788,1.1133486129724878e-08,4.7240987778772135e-08,0.0,1.0,128,256,0.7,632646.2105998909,173878.68265268207,15621.697210915503,0.0002495894984922315,,3.965978325031277e-13,1,10.0,4.3755099237849227e-11,1.79896890777757e-09,1.6951212299425605e-09,baseline,632646.2105998909,11.320687696343612,3.6759483777432884e-16,632646.2105998909,11.320687696343612,2.5953243856893587e-16,3.6759483777432884e-16,2.5953243856893587e-16,0.1,0.9,"z1=0.10, z2=0.90"
-824249849790252.2,-3910986039679237.0,482.9449590789024,2624.456759495411,0.0,1.0,32,64,0.9,3.761605336153121e+22,6.519603993595242e+27,206624310.9379703,1.713839964628011,,7.259782793675698e-14,1,0.001,1.5802201982978985,1.7177694393526684e-14,-6.674270940854317e-13,baseline,3.761605336153121e+22,50228570596.81751,1.2211275360397313e-06,3.761605336153121e+22,50228570596.81751,2.642757230751138e-06,1.2211275360397313e-06,2.642757230751138e-06,0.1,0.9,"z1=0.10, z2=0.90"
4000120128640134.5,691777478707740.2,-2657.155433087264,-530.8751500698943,0.0,1.0,48,96,0.9,3.82083812134566e+22,6.521705524661398e+27,206624304.45515108,0.18052968530287372,,1.338493782487031e-13,1,0.001,0.08752821596778763,1.7318716647652686e-14,-6.672639934270224e-13,baseline,3.82083812134566e+22,51007327625.35755,3.0428993096812623e-06,3.82083812134566e+22,51007327625.35755,1.606993039446828e-06,3.0428993096812623e-06,1.606993039446828e-06,0.1,0.9,"z1=0.10, z2=0.90"
3707506470462706.0,521132564599224.1,-2464.48659168961,-411.56062554267606,0.0,1.0,64,128,0.9,3.5243111507801263e+22,6.52368692519396e+27,206624033.0802187,0.01056476180394403,,1.0056958509198966e-12,1,0.001,0.00929147271666051,1.7231668996468925e-14,-6.671509801134266e-13,baseline,3.5243111507801263e+22,47040636672.47678,6.640594773244211e-07,3.5243111507801263e+22,47040636672.47678,8.175082181956477e-07,6.640594773244211e-07,8.175082181956477e-07,0.1,0.9,"z1=0.10, z2=0.90"
3705366050302317.5,495580534062564.56,-2464.7576786525005,-394.22485256263246,0.0,1.0,80,160,0.9,3.5173452216714794e+22,inf,206624061.17293027,0.03716068175967655,,9.478881771006343e-13,1,0.001,0.0025122477837508954,1.7120263169429684e-14,-6.674757943592398e-13,baseline,3.5173452216714794e+22,46970292866.315346,3.856507025148972e-07,3.5173452216714794e+22,46970292866.315346,1.273986263134827e-07,3.856507025148972e-07,1.273986263134827e-07,0.1,0.9,"z1=0.10, z2=0.90"
3711136737007281.5,464872690956498.25,-2467.5824880649484,-375.599298136215,0.0,1.0,96,192,0.9,3.520807931149724e+22,6.52402461711481e+27,206624234.74797794,0.059980740930600476,,2.309921207904564e-12,1,0.001,0.005170726192910322,1.7642072297672788e-14,-6.671227661863322e-13,baseline,3.520807931149724e+22,46992641693.32506,7.884606709884948e-08,3.520807931149724e+22,46992641693.32506,1.4420955046643518e-06,7.884606709884948e-08,1.4420955046643518e-06,0.1,0.9,"z1=0.10, z2=0.90"
3689783137747525.5,439554749712673.3,-2467.6177331394383,-377.05412003641067,0.0,1.0,128,256,0.9,3.4749177395723446e+22,inf,206624022.76228344,0.05151004410617695,,6.267689134025228e-12,1,0.001,0.004586626365398507,2.2204614948437727e-14,-6.714155777236034e-13,baseline,3.4749177395723446e+22,46687794506.47084,7.891563687803141e-07,3.4749177395723446e+22,46687794506.47084,1.6909638386274645e-06,7.891563687803141e-07,1.6909638386274645e-06,0.1,0.9,"z1=0.10, z2=0.90"
36560714167.10197,2927504780.335685,-239.97566653791006,-60.435800290389885,0.0,1.0,32,64,0.9,32684861419272.453,8.789171707953747e+20,208488109.00102666,4.997967671827983e-07,,1.7835766164658086e-13,1,0.01,8.729388099393681e-07,1.120267065666291e-09,-6.65346012159649e-09,baseline,32684861419272.453,441057.12739061436,3.010335963543161e-11,32684861419272.453,441057.12739061436,1.989648252726963e-11,3.010335963543161e-11,1.989648252726963e-11,0.1,0.9,"z1=0.10, z2=0.90"
36560710451.030235,2927480857.903154,-239.97586602309056,-60.43596857646677,0.0,1.0,48,96,0.9,32684837396222.48,8.789562849784479e+20,208488229.17856964,1.9309042292613283e-06,,2.862100986414059e-13,1,0.01,1.1043642832261855e-08,1.1202756485715294e-09,-6.6534662083680625e-09,baseline,32684837396222.48,441057.2887447651,2.4123090261251157e-11,32684837396222.48,441057.2887447651,1.19462196195718e-11,2.4123090261251157e-11,1.19462196195718e-11,0.1,0.9,"z1=0.10, z2=0.90"
36560695820.186516,2927497905.706353,-239.97572711728793,-60.43603819053972,0.0,1.0,64,128,0.9,32684844485182.363,8.768137402502459e+20,208488125.03923932,2.8038231794276404e-07,,9.835767246436625e-13,1,0.01,6.033340042713083e-10,1.1202749521808652e-09,-6.653465538237989e-09,baseline,32684844485182.363,441057.3336493885,5.1184590241231675e-11,32684844485182.363,441057.3336493885,4.451122235974806e-11,5.1184590241231675e-11,4.451122235974806e-11,0.1,0.9,"z1=0.10, z2=0.90"
36560655417.13507,2927472290.50275,-239.9757742129955,-60.43591354154473,0.0,1.0,80,160,0.9,32684765038146.89,8.782124628077411e+20,208488144.27248326,1.8379445194240533e-06,,1.1217225851545854e-12,1,0.01,6.443376564555942e-09,1.120276801484091e-09,-6.653473542299394e-09,baseline,32684765038146.89,441056.79760244535,3.1409632159098835e-12,32684765038146.89,441056.79760244535,4.419460027182128e-12,3.1409632159098835e-12,4.419460027182128e-12,0.1,0.9,"z1=0.10, z2=0.90"
36560617429.42924,2927434850.3141127,-239.9752840059621,-60.435601213254145,0.0,1.0,96,192,0.9,32684837748724.082,8.775134548375454e+20,208487660.5265558,4.048892319572909e-06,,1.1466543095596185e-12,1,0.01,4.671739287279589e-08,1.1202768478907753e-09,-6.6534659039065115e-09,baseline,32684837748724.082,441057.2868910665,4.186145957560435e-11,32684837748724.082,441057.2868910665,3.648911480653903e-11,4.186145957560435e-11,3.648911480653903e-11,0.1,0.9,"z1=0.10, z2=0.90"
36560221174.2721,2927735171.6242666,-239.9756285627113,-60.43609529640719,0.0,1.0,128,256,0.9,32684056592264.645,8.767923498687726e+20,208487996.00798395,2.0675251219514396e-06,,4.921219641257154e-12,1,0.01,1.6391683167697095e-08,1.1202408143793454e-09,-6.653553758226186e-09,baseline,32684056592264.645,441052.0178936621,6.872580880097481e-12,32684056592264.645,441052.0178936621,2.0146611757838952e-11,6.872580880097481e-12,2.0146611757838952e-11,0.1,0.9,"z1=0.10, z2=0.90"
281082.4425075402,-5878.405500813535,-16.467097773153824,-13.22006768615134,0.0,1.0,32,64,0.9,48302.45134115722,413248553492.80524,152789081.91885114,1.7689911817031364e-07,,2.0201193616186908e-13,1,0.1,3.1467212723884756e-13,4.823681399403073e-05,-5.7575784798424255e-05,baseline,48302.45134115722,4.280357905532801,1.952078302989542e-16,48302.45134115722,4.280357905532801,2.40615076601856e-16,1.952078302989542e-16,2.40615076601856e-16,0.1,0.9,"z1=0.10, z2=0.90"
281082.4767630819,-5878.434021236122,-16.467101122479793,-13.220067696911126,0.0,1.0,48,96,0.9,48302.45134246593,413248614270.35144,152789102.20295137,1.325062061573713e-07,,2.5849144760162326e-13,1,0.1,3.047044885461565e-13,4.8236813995789356e-05,-5.757578480301941e-05,baseline,48302.45134246593,4.28035790559733,4.4102133952770914e-16,48302.45134246593,4.28035790559733,2.3810820648342337e-16,4.4102133952770914e-16,2.3810820648342337e-16,0.1,0.9,"z1=0.10, z2=0.90"
281081.85704493214,-5878.282242717963,-16.467058119656645,-13.220046535038602,0.0,1.0,64,128,0.9,48302.451357137266,413247683764.6815,152788759.30954233,2.274347802309452e-06,,6.398251142077981e-13,1,0.1,2.1201181359441037e-13,4.8236813969380013e-05,-5.757578480089573e-05,baseline,48302.451357137266,4.280357906321733,2.597687991872823e-16,48302.451357137266,4.280357906321733,3.3270317182078014e-16,2.597687991872823e-16,3.3270317182078014e-16,0.1,0.9,"z1=0.10, z2=0.90"
281082.08247130463,-5878.278145823274,-16.46707089637906,-13.220057658637213,0.0,1.0,80,160,0.9,48302.45131984805,413248051083.43854,152788896.4545182,1.5937218536751e-06,,6.292754245623212e-13,1,0.1,1.2451528671569244e-13,4.8236814018337935e-05,-5.757578478294887e-05,baseline,48302.45131984805,4.280357904479066,1.2911800976850051e-16,48302.45131984805,4.280357904479066,1.4282118316299966e-16,1.2911800976850051e-16,1.4282118316299966e-16,0.1,0.9,"z1=0.10, z2=0.90"
281082.20025400264,-5878.515664495973,-16.46708915608824,-13.220049717860222,0.0,1.0,96,192,0.9,48302.451243691,413248177083.0569,152788943.50105515,1.0507458477338297e-06,,1.6789032645639054e-12,1,0.1,5.186449827546846e-13,4.82368142086861e-05,-5.757578485415546e-05,baseline,48302.451243691,4.280357900713613,3.7906725702625946e-16,48302.451243691,4.280357900713613,4.0693043717258294e-16,3.7906725702625946e-16,4.0693043717258294e-16,0.1,0.9,"z1=0.10, z2=0.90"
281082.4229681038,-5878.736190728098,-16.467112716681683,-13.220047698416675,0.0,1.0,128,256,0.9,48302.45153377906,413248660592.4068,152789121.31311414,1.2761425196415753e-06,,4.7848228823678535e-12,1,0.1,2.6128086602740365e-13,4.823681398324118e-05,-5.7575785215247814e-05,baseline,48302.45153377906,4.280357915053167,1.4366907888702454e-16,48302.45153377906,4.280357915053167,7.152716799228463e-17,1.4366907888702454e-16,7.152716799228463e-17,0.1,0.9,"z1=0.10, z2=0.90"
0.780179213921019,1.4594851812068421,0.0010021730837946473,0.0006724686998781688,0.0,1.0,32,64,0.9,57796.69731920701,1185.9743491365336,2320.2518889733356,8.35242255446156e-07,,1.8987542378333922e-13,1,1.0,2.5854140600794105e-13,0.0003424925797694896,0.0006438395563286901,baseline,57796.69731920701,1.1847665777268004,5.309425930142677e-16,57796.69731920701,1.1847665777268004,1.6969776706985846e-16,5.309425930142677e-16,1.6969776706985846e-16,0.1,0.9,"z1=0.10, z2=0.90"
0.7802158408478034,1.4594151288092314,0.0010021744458494413,0.0006724690893702669,0.0,1.0,48,96,0.9,57796.697319220526,1186.6826555902833,2320.25587551359,1.1910006904849086e-11,,3.684051205139167e-13,1,1.0,2.9271786365387487e-13,0.00034247699022911835,0.0006438709889485692,baseline,57796.697319220526,1.184766577727045,4.106673953341786e-16,57796.697319220526,1.184766577727045,4.199800120275925e-16,4.106673953341786e-16,4.199800120275925e-16,0.1,0.9,"z1=0.10, z2=0.90"
0.7802158406119001,1.459415129582367,0.0010021744458486798,0.000672469089373002,0.0,1.0,64,128,0.9,57796.69731919448,1186.6826498839014,2320.255875501424,3.4422911972811526e-11,,6.954300854093675e-13,1,1.0,3.293637404648612e-13,0.0003424769903326107,0.0006438709886093173,baseline,57796.69731919448,1.1847665777269922,1.7831149408686538e-16,57796.69731919448,1.1847665777269922,3.794552666410699e-16,1.7831149408686538e-16,3.794552666410699e-16,0.1,0.9,"z1=0.10, z2=0.90"
0.7802158407345036,1.4594151289632538,0.0010021744458538547,0.0006724690893674087,0.0,1.0,80,160,0.9,57796.697319227635,1186.6826535420491,2320.255875803794,1.078894535904284e-10,,1.293544153039211e-12,1,1.0,2.1394729801411913e-12,0.00034247699028235734,0.000643870988880533,baseline,57796.697319227635,1.1847665777285568,3.455236987806149e-16,57796.697319227635,1.1847665777285568,1.7999143988923407e-16,3.455236987806149e-16,1.7999143988923407e-16,0.1,0.9,"z1=0.10, z2=0.90"
0.7802158419868984,1.459415128994065,0.0010021744458636559,0.0006724690894310122,0.0,1.0,96,192,0.9,57796.697319162224,1186.6826630473179,2320.255875954337,2.0161274529721514e-10,,2.7643436423267754e-12,1,1.0,2.159708929350034e-12,0.0003424769897175735,0.0006438709889024787,baseline,57796.697319162224,1.1847665777237004,3.8812789174188612e-16,57796.697319162224,1.1847665777237004,4.529684821599435e-16,3.8812789174188612e-16,4.529684821599435e-16,0.1,0.9,"z1=0.10, z2=0.90"
0.7802158422398514,1.4594151304521004,0.0010021744456711374,0.0006724690894476784,0.0,1.0,128,256,0.9,57796.697319128674,1186.6826617687661,2320.255874500666,4.812672585595796e-10,,1.720851277780386e-11,1,1.0,2.4432379116025712e-12,0.00034247698950011247,0.0006438709882137394,baseline,57796.697319128674,1.1847665777155523,2.4905378346659076e-16,57796.697319128674,1.1847665777155523,1.6969701090795183e-16,2.4905378346659076e-16,1.6969701090795183e-16,0.1,0.9,"z1=0.10, z2=0.90"
-950220.4422453613,-1853515.5071021852,6.787905412681371,36.04683985551587,0.0,1.0,32,64,0.9,337512.7810806446,361006944851.44965,73321701.98789656,34667.67634990531,,1.2157304039159085e-14,1,10.0,2.415358573009885e-12,4.995104931617369e-06,-1.6887039206522715e-05,baseline,337512.7810806446,11.614569507980795,3.4698958319328737e-16,337512.7810806446,11.614569507980795,5.350332785108113e-16,3.4698958319328737e-16,5.350332785108113e-16,0.1,0.9,"z1=0.10, z2=0.90"
440358.424509583,-1042176.0486177017,-19.304267554180715,-3.8653411676610667,0.0,1.0,48,96,0.9,337512.78108062496,200347206195.07904,75976669.78869978,21754.429143363694,,1.3585338516332714e-14,1,10.0,5.432756553993578e-12,1.7046710051448352e-05,-3.4939597954645928e-06,baseline,337512.78108062496,11.614569507980795,5.602470729857029e-16,337512.78108062496,11.614569507980795,6.478255973678244e-16,5.602470729857029e-16,6.478255973678244e-16,0.1,0.9,"z1=0.10, z2=0.90"
10658.770385130641,242013.41784406695,4.207828052617243,-0.13582922000822395,0.0,1.0,64,128,0.9,337512.78108073195,72403802145.5463,28617384.077549424,9437.64920956232,,8.003146599963018e-14,1,10.0,6.376416204208853e-12,1.7377765955334542e-05,2.0410602666689424e-07,baseline,337512.78108073195,11.614569507980884,3.8141351389381953e-16,337512.78108073195,11.614569507980884,3.696317363206759e-16,3.8141351389381953e-16,3.696317363206759e-16,0.1,0.9,"z1=0.10, z2=0.90"
-9033.863252184865,3342.6034241081734,0.042915761250083236,0.16170053104902332,0.0,1.0,80,160,0.9,337512.781080554,2287832022.72627,918769.4718133868,837.1275447076047,,1.6330590472121488e-13,1,10.0,3.107492601506895e-11,1.7290010543780298e-05,1.6469019710725587e-06,baseline,337512.781080554,11.61456950798086,1.653688560999122e-16,337512.781080554,11.61456950798086,4.762351978586899e-16,1.653688560999122e-16,4.762351978586899e-16,0.1,0.9,"z1=0.10, z2=0.90"
-33.273065472989714,-16.642258432715646,-0.0003239498924829762,0.00032283031945134366,0.0,1.0,96,192,0.9,337512.7810808166,17745382.09696207,16883.12702590531,3.17498895461259,,6.325980124462071e-14,1,10.0,1.7576864371558143e-11,1.1656136968882433e-05,3.906025695925337e-06,baseline,337512.7810808166,11.614569507980804,2.6354723657661195e-16,337512.7810808166,11.614569507980804,1.923589998040637e-16,2.6354723657661195e-16,1.923589998040637e-16,0.1,0.9,"z1=0.10, z2=0.90"
-11.816934662546581,-1.3650755497280989,8.694668056203386e-12,3.3889159347487893e-12,0.0,1.0,128,256,0.9,337512.78108052525,366890.0991288075,8658.98877683028,5.059435258961354e-08,,1.6080849349685838e-13,1,10.0,2.156182396593376e-11,1.9913107505122458e-13,-7.587836671692809e-13,baseline,337512.78108052525,11.614569507980582,4.543884997632335e-16,337512.78108052525,11.614569507980582,2.6065554525486207e-16,4.543884997632335e-16,2.6065554525486207e-16,0.1,0.9,"z1=0.10, z2=0.90"
571345906679862.6,121938657847666.02,-379.33365895705924,-91.20018135249649,0.0,1.0,32,64,0.99,1.4909079495088135e+22,9.306131350394274e+27,2381983060.083898,1.097596920174762,,8.921151269337218e-14,1,0.001,7.0331873825654725,1.7144225678813966e-14,-6.67588930570376e-13,baseline,1.4909079495088135e+22,19912837500.947407,2.7724967797011776e-07,1.4909079495088135e+22,19912837500.947407,4.0358720877212465e-07,2.7724967797011776e-07,4.0358720877212465e-07,0.1,0.9,"z1=0.10, z2=0.90"
-5119513644708542.0,4308417506299470.0,3491.893971419704,-2785.1794770700585,0.0,1.0,48,96,0.99,1.7081545446566174e+23,4.656521979994096e+27,2381982964.804279,0.7469351125203744,,5.18599242647641e-14,1,0.001,0.44162105831948967,1.755058659125294e-14,-6.673053250742174e-13,baseline,1.7081545446566174e+23,228050925453.45435,6.641365938883268e-06,1.7081545446566174e+23,228050925453.45435,7.092962481516994e-06,6.641365938883268e-06,7.092962481516994e-06,0.1,0.9,"z1=0.10, z2=0.90"
-2893471306995208.0,2499942518974458.0,1975.8079598485838,-1618.8810765174076,0.0,1.0,64,128,0.99,9.754189515108573e+22,1.315139180011337e+28,2381984661.6461,0.07635535430738052,,1.0790064924169724e-13,1,0.001,0.03823648396592431,1.745467957381618e-14,-6.677696300480805e-13,baseline,9.754189515108573e+22,130315582798.8335,2.810579496377219e-06,9.754189515108573e+22,130315582798.8335,2.1153586035634374e-06,2.810579496377219e-06,2.1153586035634374e-06,0.1,0.9,"z1=0.10, z2=0.90"
-2789177786433386.5,2494739492547181.5,1897.687561367903,-1625.6597894688482,0.0,1.0,80,160,0.99,9.54901703949606e+22,2.63217163019828e+27,2381980126.747425,0.01574210646623132,,5.729249565490896e-13,1,0.001,0.010132445298089883,1.4281120750416154e-14,-6.676017192203019e-13,baseline,9.54901703949606e+22,127527999921.42152,1.1538712828162589e-06,9.54901703949606e+22,127527999921.42152,6.198007689034994e-07,1.1538712828162589e-06,6.198007689034994e-07,0.1,0.9,"z1=0.10, z2=0.90"
-2707624391718623.5,2570310597453278.5,1861.4022924907204,-1659.6706951212964,0.0,1.0,96,192,0.99,9.523171401913829e+22,9.299332705943135e+27,2381983418.3623023,0.043345173583675595,,2.5248064079320495e-13,1,0.001,0.009978895790092382,2.085111829211762e-14,-6.676732739241796e-13,baseline,9.523171401913829e+22,127229302296.82555,1.6647864409234216e-06,9.523171401913829e+22,127229302296.82555,6.585960097868066e-06,1.6647864409234216e-06,6.585960097868066e-06,0.1,0.9,"z1=0.10, z2=0.90"
-2678498321943997.5,2592082254452258.0,1852.5846024849322,-1661.8835593872648,0.0,1.0,128,256,0.99,9.512262553010076e+22,3.1025549166807666e+27,2381971484.2641635,0.03557371898718396,,1.866697317675229e-12,1,0.001,0.01347367642824227,2.5242438418551665e-14,-6.672224175612035e-13,baseline,9.512262553010076e+22,127026646829.79358,6.350639348625701e-07,9.512262553010076e+22,127026646829.79358,2.40129134911378e-06,6.350639348625701e-07,2.40129134911378e-06,0.1,0.9,"z1=0.10, z2=0.90"
-25717450951.30516,26483514605.449795,201.02132076849162,-147.57070664752501,0.0,1.0,32,64,0.99,88517572216399.7,4.18698204109443e+22,2468669776.787515,3.0009329605789436e-07,,8.640517762256403e-14,1,0.01,8.608067483307798e-07,1.1216974223028444e-09,-6.661423444586938e-09,baseline,88517572216399.7,1195907.9693545483,7.2395057601796e-11,88517572216399.7,1195907.9693545483,4.616604359639648e-11,7.2395057601796e-11,4.616604359639648e-11,0.1,0.9,"z1=0.10, z2=0.90"
-25717502565.473316,26483547410.669662,201.02264575747623,-147.57145091924403,0.0,1.0,48,96,0.99,88517644124017.33,4.025182629423024e+22,2468671944.2727437,4.842618574196466e-07,,1.2287661060473544e-13,1,0.01,3.48801016091193e-08,1.1217047606745315e-09,-6.661452608441702e-09,baseline,88517644124017.33,1195914.2479352218,1.4654252418440927e-10,88517644124017.33,1195914.2479352218,8.159779428325568e-11,1.4654252418440927e-10,8.159779428325568e-11,0.1,0.9,"z1=0.10, z2=0.90"
-25717463764.817986,26483560033.468834,201.02247476067848,-147.57152931342696,0.0,1.0,64,128,0.99,88517615774826.78,4.02295126257223e+22,2468670909.2123127,1.6739265012378097e-06,,9.657872676824025e-14,1,0.01,4.523899512197872e-08,1.1217071141714586e-09,-6.661453035540499e-09,baseline,88517615774826.78,1195914.0086734132,1.552386031220862e-10,88517615774826.78,1195914.0086734132,1.302417128031556e-10,1.552386031220862e-10,1.302417128031556e-10,0.1,0.9,"z1=0.10, z2=0.90"
-25717497432.298347,26483404301.238316,201.02260681465887,-147.57079625892192,0.0,1.0,80,160,0.99,88517424570120.22,4.361410004989648e+22,2468667674.9776826,2.655066609991603e-06,,6.865251161950724e-13,1,0.01,4.330377306365549e-08,1.1217022605425921e-09,-6.661461240312685e-09,baseline,88517424570120.22,1195912.715093699,8.001883806789351e-11,88517424570120.22,1195912.715093699,5.636650175174719e-11,8.001883806789351e-11,5.636650175174719e-11,0.1,0.9,"z1=0.10, z2=0.90"
-25717412799.127914,26483455088.726196,201.02229781849374,-147.5714617656873,0.0,1.0,96,192,0.99,88517212884337.95,4.360453710963181e+22,2468669732.9666348,7.861945381716747e-07,,6.575082682522253e-13,1,0.01,1.5000622452723475e-07,1.1217017218276497e-09,-6.6614694869825206e-09,baseline,88517212884337.95,1195911.2789701459,3.138151929200021e-11,88517212884337.95,1195911.2789701459,3.382088869434883e-11,3.138151929200021e-11,3.382088869434883e-11,0.1,0.9,"z1=0.10, z2=0.90"
-25718150793.16844,26483771598.55777,201.02351449664818,-147.57124672214948,0.0,1.0,128,256,0.99,88520160496279.72,4.541526962674421e+22,2468676768.416689,4.40052061508752e-06,,1.2993916107818896e-12,1,0.01,2.1979513504556328e-07,1.12165115559324e-09,-6.661363908176708e-09,baseline,88520160496279.72,1195931.1839742956,7.362682572914455e-11,88520160496279.72,1195931.1839742956,4.209262563924716e-11,7.362682572914455e-11,4.209262563924716e-11,0.1,0.9,"z1=0.10, z2=0.90"
-172181.7540985519,248286.56909654578,22.167100771422156,-6.027585453690244,0.0,1.0,32,64,0.99,17999.518168283867,26839534151819.773,2624143056.010857,3.0514584191156834e-07,,8.360557224399914e-14,1,0.1,3.3256744435103667e-12,4.8919019835207584e-05,-5.82010865520441e-05,baseline,17999.518168283867,4.215756290407027,6.6477103658954325e-16,17999.518168283867,4.215756290407027,7.490512617378656e-16,6.6477103658954325e-16,7.490512617378656e-16,0.1,0.9,"z1=0.10, z2=0.90"
-172181.5810390142,248286.35103546057,22.167080030802364,-6.027581224672985,0.0,1.0,48,96,0.99,17999.51816963501,26839534193727.3,2624140507.8518143,6.1791877518041e-07,,2.2308805412237923e-13,1,0.1,2.5662100891291744e-13,4.891901983905477e-05,-5.8201086540502155e-05,baseline,17999.51816963501,4.2157562905768104,7.717463614890911e-16,17999.51816963501,4.2157562905768104,7.067115475983374e-16,7.717463614890911e-16,7.067115475983374e-16,0.1,0.9,"z1=0.10, z2=0.90"
-172181.84371858332,248286.9447035914,22.167124366432432,-6.027602927937451,0.0,1.0,64,128,0.99,17999.518156483715,26839546562262.586,2624146290.3318152,1.5719806956995415e-06,,7.646303098610808e-13,1,0.1,3.4372088052067366e-13,4.891901985245012e-05,-5.8201086554468644e-05,baseline,17999.518156483715,4.215756288851166,3.978449040861688e-16,17999.518156483715,4.215756288851166,2.3106778135101456e-16,3.978449040861688e-16,2.3106778135101456e-16,0.1,0.9,"z1=0.10, z2=0.90"
-172181.9347751493,248286.68647123725,22.167117047917838,-6.027583464712158,0.0,1.0,80,160,0.99,17999.51813007522,26839526876843.08,2624144427.44378,1.0542649393840727e-06,,1.887268789034679e-13,1,0.1,5.896368848268127e-13,4.891901985271869e-05,-5.820108663752788e-05,baseline,17999.51813007522,4.215756285390052,4.087174850310217e-16,17999.51813007522,4.215756285390052,3.4388355250770375e-16,4.087174850310217e-16,3.4388355250770375e-16,0.1,0.9,"z1=0.10, z2=0.90"
-172181.63451811508,248287.24030257223,22.167126701787247,-6.02763033279605,0.0,1.0,96,192,0.99,17999.518035474077,26839584803233.883,2624147145.7852592,2.467821429991582e-06,,5.202884878187029e-13,1,0.1,8.506605602291293e-13,4.8919020052792e-05,-5.8201086559664486e-05,baseline,17999.518035474077,4.215756272992022,6.50020452074269e-16,17999.518035474077,4.215756272992022,5.00067723438251e-16,6.50020452074269e-16,5.00067723438251e-16,0.1,0.9,"z1=0.10, z2=0.90"
-172181.97064836256,248288.2636229599,22.167196324254725,-6.027673400323843,0.0,1.0,128,256,0.99,17999.51802372735,26839675055356.47,2624155827.74521,5.925869236087436e-06,,3.2522596763101446e-12,1,0.1,6.886862129476213e-13,4.891902014131205e-05,-5.82010864290631e-05,baseline,17999.51802372735,4.215756271450107,2.553936708637403e-16,17999.51802372735,4.215756271450107,2.7752773309714153e-16,2.553936708637403e-16,2.7752773309714153e-16,0.1,0.9,"z1=0.10, z2=0.90"
-0.06693038636166793,-0.035507867051765306,-3.288254904049021e-05,-0.00014014148728670771,0.0,1.0,32,64,0.99,25153.687001545935,441.18985829433024,3898.0643430289388,1.5479885652465482e-07,,6.666725409659141e-13,1,1.0,1.0084014663565781e-13,-0.0014305645541889435,0.0012502369938136692,baseline,25153.687001545935,1.2410621893523661,4.273433165459824e-16,25153.687001545935,1.2410621893523661,1.0253357016666122e-16,4.273433165459824e-16,1.0253357016666122e-16,0.1,0.9,"z1=0.10, z2=0.90"
-0.06693073954810087,-0.03550827516491061,-3.288254907220703e-05,-0.00014014150978183,0.0,1.0,48,96,0.99,25153.687001547318,441.1382175381804,3898.0652407138405,1.5154780114350014e-11,,9.320941223639429e-13,1,1.0,4.027813582582008e-13,-0.0014305520963682195,0.0012502325106934192,baseline,25153.687001547318,1.241062189352962,1.6448448859924172e-16,25153.687001547318,1.241062189352962,2.068074483419283e-16,1.6448448859924172e-16,2.068074483419283e-16,0.1,0.9,"z1=0.10, z2=0.90"
-0.06693073950923144,-0.0355082751614002,-3.288254906898877e-05,-0.00014014150977901914,0.0,1.0,64,128,0.99,25153.687001563496,441.13822141503346,3898.065240841852,7.235497819157435e-11,,2.487542837101321e-12,1,1.0,9.41381526690338e-14,-0.001430552096785308,0.0012502325115176418,baseline,25153.687001563496,1.2410621893524258,2.467267329051245e-16,25153.687001563496,1.2410621893524258,2.3946678540855043e-16,2.467267329051245e-16,2.3946678540855043e-16,0.1,0.9,"z1=0.10, z2=0.90"
-0.06693073952039988,-0.03550827518087567,-3.288254906857806e-05,-0.00014014150979188529,0.0,1.0,80,160,0.99,25153.687001561706,441.13822036143796,3898.065240769579,9.09384105051738e-11,,1.7862939236650748e-12,1,1.0,1.292470646838239e-12,-0.0014305520963817243,0.001250232511505036,baseline,25153.687001561706,1.241062189355238,1.6448448858907582e-16,25153.687001561706,1.241062189355238,3.5886742441948103e-16,1.6448448858907582e-16,3.5886742441948103e-16,0.1,0.9,"z1=0.10, z2=0.90"
-0.06693073952602281,-0.0355082752225512,-3.288254906532853e-05,-0.00014014150977705042,0.0,1.0,96,192,0.99,25153.68700150504,441.13821658794103,3898.0652413717326,1.970745443259896e-10,,6.415836273356395e-13,1,1.0,2.098596085762071e-12,-0.001430552095202289,0.0012502325116164914,baseline,25153.68700150504,1.2410621893468703,1.4244774566132203e-16,25153.68700150504,1.2410621893468703,2.2077747457940355e-16,1.4244774566132203e-16,2.2077747457940355e-16,0.1,0.9,"z1=0.10, z2=0.90"
-0.06693073941837949,-0.035508275267520005,-3.2882549064332616e-05,-0.00014014150978241955,0.0,1.0,128,256,0.99,25153.68700142115,441.13822133578554,3898.0652433946902,1.0499036911863862e-09,,2.0914457533609547e-11,1,1.0,5.230134407496005e-12,-0.0014305520951805968,0.0012502325145619727,baseline,25153.68700142115,1.241062189334847,5.516977466338701e-16,25153.68700142115,1.241062189334847,3.7183776128207676e-16,5.516977466338701e-16,3.7183776128207676e-16,0.1,0.9,"z1=0.10, z2=0.90"
-412613.25574069616,-399261.66888579517,18.4268918665129,14.252281785789567,0.0,1.0,32,64,0.99,153427.9017274371,1341724178589.4407,840017016.61816,49252.971672271065,,1.7763569483850836e-14,1,10.0,8.383785972801908e-13,-4.478775389657006e-06,-4.032514297197053e-05,baseline,153427.9017274371,12.111333351955116,3.080914277623584e-16,153427.9017274371,12.111333351955116,3.1267884771490617e-16,3.080914277623584e-16,3.1267884771490617e-16,0.1,0.9,"z1=0.10, z2=0.90"
179557.96409739077,-81367.29512704404,-7.5479691874958394,-2.09465015281937,0.0,1.0,48,96,0.99,153427.90172741876,454825179505.3886,412008958.43366367,5999.097153294029,,1.1977375902032154e-14,1,10.0,5.363472625139706e-12,2.5481874805779976e-05,-3.0489195994749563e-05,baseline,153427.90172741876,12.111333351955041,4.598184858397153e-16,153427.90172741876,12.111333351955041,4.949283534329542e-16,4.598184858397153e-16,4.949283534329542e-16,0.1,0.9,"z1=0.10, z2=0.90"
236.96965522862385,-12502.329589957035,-0.40322712885611034,0.29684257355388527,0.0,1.0,64,128,0.99,153427.90172742153,5914769794.570392,5630972.888323266,1239.4894495120302,,5.82132522102905e-14,1,10.0,2.762878636611413e-12,3.1790713159941954e-05,-2.434554342059341e-05,baseline,153427.90172742153,12.111333351954936,2.6986396887318535e-16,153427.90172742153,12.111333351954936,2.7200965419873935e-16,2.6986396887318535e-16,2.7200965419873935e-16,0.1,0.9,"z1=0.10, z2=0.90"
29.929952373447588,19.94210088221644,0.0002457571851618515,-0.0012579368341074273,0.0,1.0,80,160,0.99,153427.90172752208,40082455.72097614,44000.931774377816,6.517376202201184,,6.258669009985366e-14,1,10.0,1.8034324577873133e-12,3.289621307005219e-05,-1.3707419557672981e-05,baseline,153427.90172752208,12.11133335195515,4.862644574377351e-16,153427.90172752208,12.11133335195515,3.0958194984884546e-16,4.862644574377351e-16,3.0958194984884546e-16,0.1,0.9,"z1=0.10, z2=0.90"
6.064615618224333,-1.6224341459468479,-4.532718754544239e-08,-3.107726375449132e-07,0.0,1.0,96,192,0.99,153427.90172741932,2819362.2690218,5868.777946959661,0.0019600857281508633,,1.6825914589729586e-14,1,10.0,3.68104788650851e-12,4.9687003072966447e-08,5.81845661312266e-09,baseline,153427.90172741932,12.111333351955036,2.3127586653088195e-16,153427.90172741932,12.111333351955036,4.696109572783751e-16,2.3127586653088195e-16,4.696109572783751e-16,0.1,0.9,"z1=0.10, z2=0.90"
6.057185446317875,-1.625087557395271,4.452541211760411e-15,9.161250426591781e-15,0.0,1.0,128,256,0.99,153427.9017274222,2816711.111649488,5861.322974536743,8.737330428187894e-11,,2.1638675890093736e-13,1,10.0,2.846930086041179e-11,-1.5948770910470621e-15,3.071932190314876e-16,baseline,153427.9017274222,12.1113333519554,4.969736749578392e-16,153427.9017274222,12.1113333519554,6.636345098937511e-16,4.969736749578392e-16,6.636345098937511e-16,0.1,0.9,"z1=0.10, z2=0.90"
