N_edge,N_mid,a,err_B_inc,err_B_ref,err_ratio_ref_over_inc,omega,scenario,z1,z2,zpair
32,64,0.1,0.2212332448934397,0.22218177710687328,0.0009465957063059619,0.001,match_sweep,0.1,0.9,"z1=0.10, z2=0.90"
48,96,0.1,0.008840836795868263,0.009576910511785754,0.0008532043903689582,0.001,match_sweep,0.1,0.9,"z1=0.10, z2=0.90"
64,128,0.1,0.0015781596897113887,0.0016535798711272058,0.0008187109912422506,0.001,match_sweep,0.1,0.9,"z1=0.10, z2=0.90"
80,160,0.1,0.0011702406709823052,0.0016830849536696472,0.00084421164036482,0.001,match_sweep,0.1,0.9,"z1=0.10, z2=0.90"
96,192,0.1,0.0008721841487466939,0.00022803161669291018,0.0007882564521326518,0.001,match_sweep,0.1,0.9,"z1=0.10, z2=0.90"
32,64,0.1,0.2212349598593697,0.22218349249378508,0.0009465957063062446,0.001,match_sweep,0.1,0.8,"z1=0.10, z2=0.80"
48,96,0.1,0.008840725867141304,0.009576863597598507,0.0008532043903690658,0.001,match_sweep,0.1,0.8,"z1=0.10, z2=0.80"
64,128,0.1,0.001576856882099236,0.0016525902606535504,0.0008187109912423545,0.001,match_sweep,0.1,0.8,"z1=0.10, z2=0.80"
80,160,0.1,0.0011697165335930488,0.0016825304911423594,0.0008442116403649632,0.001,match_sweep,0.1,0.8,"z1=0.10, z2=0.80"
96,192,0.1,0.0008707719767000516,0.00022736752750512543,0.0007882564521328033,0.001,match_sweep,0.1,0.8,"z1=0.10, z2=0.80"
32,64,0.1,0.0017586896466960445,0.001518971007152812,0.0002617363961479443,0.001,match_sweep,0.05,0.9,"z1=0.05, z2=0.90"
48,96,0.1,0.0002424888027766659,5.72352965414639e-05,0.0002903086537557303,0.001,match_sweep,0.05,0.9,"z1=0.05, z2=0.90"
64,128,0.1,0.0002553179860287171,2.601801904595325e-05,0.00027489157592584215,0.001,match_sweep,0.05,0.9,"z1=0.05, z2=0.90"
80,160,0.1,0.00021985855332209276,7.133502397630847e-05,0.0002769053981833215,0.001,match_sweep,0.05,0.9,"z1=0.05, z2=0.90"
96,192,0.1,0.0002548687565273688,3.759583627777938e-05,0.0002901004590264395,0.001,match_sweep,0.05,0.9,"z1=0.05, z2=0.90"
32,64,0.1,0.22122952911535357,0.22217806698628323,0.0009465957063065384,0.001,match_sweep,0.1,0.95,"z1=0.10, z2=0.95"
48,96,0.1,0.008843034368637809,0.009578907901291695,0.0008532043903691956,0.001,match_sweep,0.1,0.95,"z1=0.10, z2=0.95"
64,128,0.1,0.0015819618858296004,0.0016574026824602152,0.0008187109912426393,0.001,match_sweep,0.1,0.95,"z1=0.10, z2=0.95"
80,160,0.1,0.0011737309975382714,0.0016857888221251773,0.0008442116403649282,0.001,match_sweep,0.1,0.95,"z1=0.10, z2=0.95"
96,192,0.1,0.0008763160508007759,0.00023125878546641234,0.0007882564521328017,0.001,match_sweep,0.1,0.95,"z1=0.10, z2=0.95"
32,64,0.1,1.037378202405617,1.0363231806375521,0.0232343132136661,0.001,match_sweep,0.2,0.9,"z1=0.20, z2=0.90"
48,96,0.1,8.128996673064606,7.959483405570184,0.02382341529979435,0.001,match_sweep,0.2,0.9,"z1=0.20, z2=0.90"
64,128,0.1,0.2175715767066256,0.20732228468777886,0.024484273428135236,0.001,match_sweep,0.2,0.9,"z1=0.20, z2=0.90"
80,160,0.1,0.08808787808652553,0.08856147362270049,0.025861972058960996,0.001,match_sweep,0.2,0.9,"z1=0.20, z2=0.90"
96,192,0.1,0.07976978290093308,0.07660839573918518,0.025786322749725497,0.001,match_sweep,0.2,0.9,"z1=0.20, z2=0.90"
32,64,0.1,8.412267218922362e-06,6.274709205606016e-06,2.225522413662055e-06,0.01,match_sweep,0.1,0.9,"z1=0.10, z2=0.90"
48,96,0.1,8.864589799009814e-06,6.585487338793056e-06,2.325851507719099e-06,0.01,match_sweep,0.1,0.9,"z1=0.10, z2=0.90"
64,128,0.1,8.585557422263861e-06,6.336355982103775e-06,2.27530158064148e-06,0.01,match_sweep,0.1,0.9,"z1=0.10, z2=0.90"
80,160,0.1,6.570094792377705e-06,5.015875962092753e-06,1.7545164267423536e-06,0.01,match_sweep,0.1,0.9,"z1=0.10, z2=0.90"
96,192,0.1,9.186616514636876e-06,6.234487179263328e-06,3.0683952152337843e-06,0.01,match_sweep,0.1,0.9,"z1=0.10, z2=0.90"
32,64,0.1,2.1483336803128284e-06,8.662281469182501e-08,2.225522414760733e-06,0.01,match_sweep,0.1,0.8,"z1=0.10, z2=0.80"
48,96,0.1,2.083685617772114e-06,2.5054860978900993e-07,2.3258515080903787e-06,0.01,match_sweep,0.1,0.8,"z1=0.10, z2=0.80"
64,128,0.1,2.530491776216697e-06,2.5601634041241245e-07,2.2753015812543544e-06,0.01,match_sweep,0.1,0.8,"z1=0.10, z2=0.80"
80,160,0.1,1.4388328011611971e-06,4.423392900217067e-07,1.7545164283439832e-06,0.01,match_sweep,0.1,0.8,"z1=0.10, z2=0.80"
96,192,0.1,2.828141924381038e-06,2.503811424646195e-07,3.0683952170269586e-06,0.01,match_sweep,0.1,0.8,"z1=0.10, z2=0.80"
32,64,0.1,0.0001454011429212471,0.00014544154397916082,3.9597356297137047e-07,0.01,match_sweep,0.05,0.9,"z1=0.05, z2=0.90"
48,96,0.1,0.00013703750365994603,0.0001370995534485006,3.8748028315096064e-07,0.01,match_sweep,0.05,0.9,"z1=0.05, z2=0.90"
64,128,0.1,0.00015852244204775148,0.00015853642700821492,3.853561128306718e-07,0.01,match_sweep,0.05,0.9,"z1=0.05, z2=0.90"
80,160,0.1,0.0001859383266624227,0.00018598688361294601,3.4644948975824095e-07,0.01,match_sweep,0.05,0.9,"z1=0.05, z2=0.90"
96,192,0.1,0.0001320539833463439,0.00013204797825560802,4.342416752478381e-07,0.01,match_sweep,0.05,0.9,"z1=0.05, z2=0.90"
32,64,0.1,1.593011674529316e-07,2.0986028354925627e-06,2.2255224139212343e-06,0.01,match_sweep,0.1,0.95,"z1=0.10, z2=0.95"
48,96,0.1,1.96045637501573e-07,2.3638715565888193e-06,2.3258515077141525e-06,0.01,match_sweep,0.1,0.95,"z1=0.10, z2=0.95"
64,128,0.1,4.724552086198863e-07,2.3468652556967085e-06,2.275301580606441e-06,0.01,match_sweep,0.1,0.95,"z1=0.10, z2=0.95"
80,160,0.1,2.3075645843443473e-06,4.062025988140932e-06,1.7545164275939603e-06,0.01,match_sweep,0.1,0.95,"z1=0.10, z2=0.95"
96,192,0.1,7.557819220145496e-06,4.5274430127501474e-06,3.068395216467902e-06,0.01,match_sweep,0.1,0.95,"z1=0.10, z2=0.95"
32,64,0.1,1.1577113642214821e-05,1.707992137744087e-05,1.2651484814080345e-05,0.01,match_sweep,0.2,0.9,"z1=0.20, z2=0.90"
48,96,0.1,7.4227176949715715e-06,4.6035936059172285e-07,6.962469379232612e-06,0.01,match_sweep,0.2,0.9,"z1=0.20, z2=0.90"
64,128,0.1,7.964549292573447e-06,3.5349754354118837e-07,7.641668002220542e-06,0.01,match_sweep,0.2,0.9,"z1=0.20, z2=0.90"
80,160,0.1,4.8242564415366e-06,1.5382029779129842e-07,4.88834445105848e-06,0.01,match_sweep,0.2,0.9,"z1=0.20, z2=0.90"
96,192,0.1,6.243464244161571e-06,3.908143659920615e-07,5.871714014649578e-06,0.01,match_sweep,0.2,0.9,"z1=0.20, z2=0.90"
32,64,0.3,0.2635024483315549,0.26352271406331684,0.0011804503912991194,0.001,match_sweep,0.1,0.9,"z1=0.10, z2=0.90"
48,96,0.3,0.007433603088101473,0.008551405839720609,0.0012758018575034788,0.001,match_sweep,0.1,0.9,"z1=0.10, z2=0.90"
64,128,0.3,0.0015772099878186314,0.0005071649553309717,0.0014602568597842185,0.001,match_sweep,0.1,0.9,"z1=0.10, z2=0.90"
80,160,0.3,0.0023964796518638233,0.001173971850793075,0.0012238426658596395,0.001,match_sweep,0.1,0.9,"z1=0.10, z2=0.90"
96,192,0.3,0.0031362686789297377,0.002529404093031151,0.0006069208877930162,0.001,match_sweep,0.1,0.9,"z1=0.10, z2=0.90"
32,64,0.3,0.2635038232781751,0.2635241065019856,0.0011804503912992703,0.001,match_sweep,0.1,0.8,"z1=0.10, z2=0.80"
48,96,0.3,0.007436835515211146,0.00855467821098676,0.0012758018575035317,0.001,match_sweep,0.1,0.8,"z1=0.10, z2=0.80"
64,128,0.3,0.0015743037578065686,0.0005051414345695869,0.0014602568597842235,0.001,match_sweep,0.1,0.8,"z1=0.10, z2=0.80"
80,160,0.3,0.002393064941268055,0.0011705191418341088,0.0012238426658595745,0.001,match_sweep,0.1,0.8,"z1=0.10, z2=0.80"
96,192,0.3,0.0031332162288015357,0.0025263475113010275,0.0006069208877930874,0.001,match_sweep,0.1,0.8,"z1=0.10, z2=0.80"
32,64,0.3,0.002059891328971407,0.0018059593772461894,0.00026400500187916993,0.001,match_sweep,0.05,0.9,"z1=0.05, z2=0.90"
48,96,0.3,0.00034194710311432404,0.0001196239183580776,0.0002809216291234531,0.001,match_sweep,0.05,0.9,"z1=0.05, z2=0.90"
64,128,0.3,0.0003447585097845064,7.670803122461327e-05,0.00030606701545300897,0.001,match_sweep,0.05,0.9,"z1=0.05, z2=0.90"
80,160,0.3,0.0003186246829442499,5.659972524662052e-05,0.0002631903545988037,0.001,match_sweep,0.05,0.9,"z1=0.05, z2=0.90"
96,192,0.3,0.00033191484086359435,2.37859200822983e-05,0.0003168889405916557,0.001,match_sweep,0.05,0.9,"z1=0.05, z2=0.90"
32,64,0.3,0.26350440774735856,0.26352465769447425,0.0011804503912992005,0.001,match_sweep,0.1,0.95,"z1=0.10, z2=0.95"
48,96,0.3,0.0074305473810101375,0.008548211194939872,0.001275801857503569,0.001,match_sweep,0.1,0.95,"z1=0.10, z2=0.95"
64,128,0.3,0.0015801257383550877,0.0005069860711630852,0.0014602568597841634,0.001,match_sweep,0.1,0.95,"z1=0.10, z2=0.95"
80,160,0.3,0.00240137350658039,0.0011789113683777525,0.0012238426658595118,0.001,match_sweep,0.1,0.95,"z1=0.10, z2=0.95"
96,192,0.3,0.0031434974163521154,0.002536631425425708,0.0006069208877930088,0.001,match_sweep,0.1,0.95,"z1=0.10, z2=0.95"
32,64,0.3,1.0353748051879328,1.0359462895918843,0.020345353222868054,0.001,match_sweep,0.2,0.9,"z1=0.20, z2=0.90"
48,96,0.3,4.024291048246143,4.013636147158534,0.020055883031193943,0.001,match_sweep,0.2,0.9,"z1=0.20, z2=0.90"
64,128,0.3,0.121365879065927,0.10671553260549299,0.021208225598155352,0.001,match_sweep,0.2,0.9,"z1=0.20, z2=0.90"
80,160,0.3,0.04580568616860675,0.0696026445666639,0.023966757881647923,0.001,match_sweep,0.2,0.9,"z1=0.20, z2=0.90"
96,192,0.3,0.032287206102835316,0.055621121162483786,0.02651114233572616,0.001,match_sweep,0.2,0.9,"z1=0.20, z2=0.90"
32,64,0.3,3.3156470989714045e-06,4.319215832297036e-06,2.9018703760085697e-06,0.01,match_sweep,0.1,0.9,"z1=0.10, z2=0.90"
48,96,0.3,3.1754889707160015e-06,4.057492900363365e-06,2.9480989191377506e-06,0.01,match_sweep,0.1,0.9,"z1=0.10, z2=0.90"
64,128,0.3,4.074144724479109e-06,4.539267752795688e-06,2.9992312649733268e-06,0.01,match_sweep,0.1,0.9,"z1=0.10, z2=0.90"
80,160,0.3,3.1350309862319253e-06,3.5256122421675993e-06,2.4294973950017544e-06,0.01,match_sweep,0.1,0.9,"z1=0.10, z2=0.90"
96,192,0.3,3.5974758061114233e-06,4.511029440656894e-06,2.379802284159777e-06,0.01,match_sweep,0.1,0.9,"z1=0.10, z2=0.90"
32,64,0.3,1.7705348817302716e-06,1.2316762234047297e-06,2.901870374253169e-06,0.01,match_sweep,0.1,0.8,"z1=0.10, z2=0.80"
48,96,0.3,1.8427834006673558e-06,1.2091665403380589e-06,2.9480989175066523e-06,0.01,match_sweep,0.1,0.8,"z1=0.10, z2=0.80"
64,128,0.3,1.9622285601734294e-06,1.1720362583536957e-06,2.99923126322736e-06,0.01,match_sweep,0.1,0.8,"z1=0.10, z2=0.80"
80,160,0.3,1.6181810302163786e-06,1.079466701837644e-06,2.429497392241659e-06,0.01,match_sweep,0.1,0.8,"z1=0.10, z2=0.80"
96,192,0.3,1.3264129017613048e-06,1.1128286655042648e-06,2.3798022824877835e-06,0.01,match_sweep,0.1,0.8,"z1=0.10, z2=0.80"
32,64,0.3,0.000168103440890725,0.0001685136526183434,4.846961253537946e-07,0.01,match_sweep,0.05,0.9,"z1=0.05, z2=0.90"
48,96,0.3,0.0001636520333393324,0.00016407053721882167,4.875613435501386e-07,0.01,match_sweep,0.05,0.9,"z1=0.05, z2=0.90"
64,128,0.3,0.00017786189242403763,0.0001782981537579206,5.008820091676024e-07,0.01,match_sweep,0.05,0.9,"z1=0.05, z2=0.90"
80,160,0.3,0.00016206169676839845,0.00016250021933279934,5.261124119333395e-07,0.01,match_sweep,0.05,0.9,"z1=0.05, z2=0.90"
96,192,0.3,0.0001344688588976928,0.00013469971939486194,3.618136504096442e-07,0.01,match_sweep,0.05,0.9,"z1=0.05, z2=0.90"
32,64,0.3,1.042506609824033e-05,8.235503055029751e-06,2.9018703756253495e-06,0.01,match_sweep,0.1,0.95,"z1=0.10, z2=0.95"
48,96,0.3,1.0698242413859919e-05,8.501021013912121e-06,2.9480989189523233e-06,0.01,match_sweep,0.1,0.95,"z1=0.10, z2=0.95"
64,128,0.3,1.2183429525215041e-05,9.744134471767975e-06,2.99923126508978e-06,0.01,match_sweep,0.1,0.95,"z1=0.10, z2=0.95"
80,160,0.3,8.34788677983322e-06,7.62636036622141e-06,2.4294973936586803e-06,0.01,match_sweep,0.1,0.95,"z1=0.10, z2=0.95"
96,192,0.3,1.2737368876023233e-05,1.0632552434399903e-05,2.3798022828176126e-06,0.01,match_sweep,0.1,0.95,"z1=0.10, z2=0.95"
32,64,0.3,2.700468509855148e-05,2.0480830903032912e-05,7.156261664585671e-06,0.01,match_sweep,0.2,0.9,"z1=0.20, z2=0.90"
48,96,0.3,1.6079956668145133e-05,4.838934716524901e-07,1.5931625062927606e-05,0.01,match_sweep,0.2,0.9,"z1=0.20, z2=0.90"
64,128,0.3,1.575126908384544e-05,5.754043438095575e-07,1.5419863370130616e-05,0.01,match_sweep,0.2,0.9,"z1=0.20, z2=0.90"
80,160,0.3,1.6829840335841695e-05,6.681091724920727e-07,1.6445991516333477e-05,0.01,match_sweep,0.2,0.9,"z1=0.20, z2=0.90"
96,192,0.3,1.517227239651199e-05,1.2268829009753558e-06,1.444631553989818e-05,0.01,match_sweep,0.2,0.9,"z1=0.20, z2=0.90"
32,64,0.5,0.38940081318567016,0.38875010179882,0.000537304442006245,0.001,match_sweep,0.1,0.9,"z1=0.10, z2=0.90"
48,96,0.5,0.015599490474757335,0.015205267472303089,0.0007553725210312701,0.001,match_sweep,0.1,0.9,"z1=0.10, z2=0.90"
64,128,0.5,0.0026828355998634373,0.002897949154492786,0.0007068507488396717,0.001,match_sweep,0.1,0.9,"z1=0.10, z2=0.90"
80,160,0.5,0.0030361311828647594,0.0027032526885673574,0.000883708601053322,0.001,match_sweep,0.1,0.9,"z1=0.10, z2=0.90"
96,192,0.5,0.0042118373326383955,0.004003457768630327,0.0003341054073906355,0.001,match_sweep,0.1,0.9,"z1=0.10, z2=0.90"
32,64,0.5,0.3893991828070497,0.38874847128818907,0.000537304442006035,0.001,match_sweep,0.1,0.8,"z1=0.10, z2=0.80"
48,96,0.5,0.015600283014864824,0.015206101102064837,0.0007553725210309635,0.001,match_sweep,0.1,0.8,"z1=0.10, z2=0.80"
64,128,0.5,0.0026842709006872968,0.0028994361436845873,0.000706850748839703,0.001,match_sweep,0.1,0.8,"z1=0.10, z2=0.80"
80,160,0.5,0.003037323295415136,0.0027048472101548096,0.0008837086010529657,0.001,match_sweep,0.1,0.8,"z1=0.10, z2=0.80"
96,192,0.5,0.004213446822873017,0.004005178155845575,0.0003341054073907261,0.001,match_sweep,0.1,0.8,"z1=0.10, z2=0.80"
32,64,0.5,0.0026185641067268755,0.0025428622661350145,7.636374122031973e-05,0.001,match_sweep,0.05,0.9,"z1=0.05, z2=0.90"
48,96,0.5,0.00020492513036774487,0.00014986728913808758,0.00010771414611654907,0.001,match_sweep,0.05,0.9,"z1=0.05, z2=0.90"
64,128,0.5,0.00013513541022658354,9.086058589147089e-05,7.824568768670999e-05,0.001,match_sweep,0.05,0.9,"z1=0.05, z2=0.90"
80,160,0.5,0.00020212723792399187,0.0001502155904941974,8.625528833303268e-05,0.001,match_sweep,0.05,0.9,"z1=0.05, z2=0.90"
96,192,0.5,0.00010385503385289634,5.750805937897661e-05,5.127028139670661e-05,0.001,match_sweep,0.05,0.9,"z1=0.05, z2=0.90"
32,64,0.5,0.3894031452130964,0.3887524371841785,0.0005373044420064134,0.001,match_sweep,0.1,0.95,"z1=0.10, z2=0.95"
48,96,0.5,0.015597839649301903,0.015203401573250955,0.0007553725210311175,0.001,match_sweep,0.1,0.95,"z1=0.10, z2=0.95"
64,128,0.5,0.002678624846221884,0.00289360212465616,0.0007068507488397993,0.001,match_sweep,0.1,0.95,"z1=0.10, z2=0.95"
80,160,0.5,0.0030340566240121586,0.0027002771487544186,0.000883708601053338,0.001,match_sweep,0.1,0.95,"z1=0.10, z2=0.95"
96,192,0.5,0.004206432212829026,0.003998110720922234,0.0003341054073907144,0.001,match_sweep,0.1,0.95,"z1=0.10, z2=0.95"
32,64,0.5,1.019942942739516,1.0203419896206471,0.01563556608134606,0.001,match_sweep,0.2,0.9,"z1=0.20, z2=0.90"
48,96,0.5,2.1722583612132955,2.170334302939284,0.016011016097336163,0.001,match_sweep,0.2,0.9,"z1=0.20, z2=0.90"
64,128,0.5,0.33545304808839865,0.3195365897226406,0.015293187390075978,0.001,match_sweep,0.2,0.9,"z1=0.20, z2=0.90"
80,160,0.5,0.08408103076471168,0.06880315057708976,0.015231206135292356,0.001,match_sweep,0.2,0.9,"z1=0.20, z2=0.90"
96,192,0.5,0.07762780673725732,0.0804087751807055,0.007418552173513826,0.001,match_sweep,0.2,0.9,"z1=0.20, z2=0.90"
32,64,0.5,3.9048752698243024e-06,3.1969472922685186e-06,2.770056317914653e-06,0.01,match_sweep,0.1,0.9,"z1=0.10, z2=0.90"
48,96,0.5,4.317248284982848e-06,3.515988840325048e-06,3.124942797000011e-06,0.01,match_sweep,0.1,0.9,"z1=0.10, z2=0.90"
64,128,0.5,3.456684768440459e-06,2.5366328151901014e-06,3.1661339275622346e-06,0.01,match_sweep,0.1,0.9,"z1=0.10, z2=0.90"
80,160,0.5,4.682450383388444e-06,2.3253655034140425e-06,3.019777955359533e-06,0.01,match_sweep,0.1,0.9,"z1=0.10, z2=0.90"
96,192,0.5,3.37195179611079e-06,2.1980476862548853e-06,1.6088399349156799e-06,0.01,match_sweep,0.1,0.9,"z1=0.10, z2=0.90"
32,64,0.5,3.740051761268745e-06,1.0110617178323154e-06,2.7700563162674446e-06,0.01,match_sweep,0.1,0.8,"z1=0.10, z2=0.80"
48,96,0.5,4.027172448840312e-06,9.14061317681164e-07,3.124942795105673e-06,0.01,match_sweep,0.1,0.8,"z1=0.10, z2=0.80"
64,128,0.5,4.127808168675924e-06,1.0091430081630828e-06,3.1661339258718974e-06,0.01,match_sweep,0.1,0.8,"z1=0.10, z2=0.80"
80,160,0.5,4.035480868768261e-06,1.041999275114078e-06,3.019777953441557e-06,0.01,match_sweep,0.1,0.8,"z1=0.10, z2=0.80"
96,192,0.5,2.7426137908666948e-06,1.1351240319931376e-06,1.6088399333892935e-06,0.01,match_sweep,0.1,0.8,"z1=0.10, z2=0.80"
32,64,0.5,0.00016212553980673842,0.00016240539698834117,4.0004710417859204e-07,0.01,match_sweep,0.05,0.9,"z1=0.05, z2=0.90"
48,96,0.5,0.00015998226616012237,0.00016026145859024185,4.056821735634371e-07,0.01,match_sweep,0.05,0.9,"z1=0.05, z2=0.90"
64,128,0.5,0.00017530192274518383,0.00017556917698764498,4.0578385668879373e-07,0.01,match_sweep,0.05,0.9,"z1=0.05, z2=0.90"
80,160,0.5,0.00016036648713409026,0.00016068781074426045,4.263380172011927e-07,0.01,match_sweep,0.05,0.9,"z1=0.05, z2=0.90"
96,192,0.5,7.665239311039695e-05,7.705517339364772e-05,4.031202411675544e-07,0.01,match_sweep,0.05,0.9,"z1=0.05, z2=0.90"
32,64,0.5,5.584466871890629e-06,3.4624273262551897e-06,2.7700563177720085e-06,0.01,match_sweep,0.1,0.95,"z1=0.10, z2=0.95"
48,96,0.5,6.513060067341054e-06,4.1979769092572535e-06,3.1249427970455374e-06,0.01,match_sweep,0.1,0.95,"z1=0.10, z2=0.95"
64,128,0.5,5.4565087556017134e-06,3.326967495936692e-06,3.1661339281205352e-06,0.01,match_sweep,0.1,0.95,"z1=0.10, z2=0.95"
80,160,0.5,7.596924261104392e-06,6.032361144615236e-06,3.0197779544689155e-06,0.01,match_sweep,0.1,0.95,"z1=0.10, z2=0.95"
96,192,0.5,2.78517465975637e-06,1.7779940536782634e-06,1.6088399336964926e-06,0.01,match_sweep,0.1,0.95,"z1=0.10, z2=0.95"
32,64,0.5,4.101104051398505e-05,2.971048968310218e-05,5.596299834114137e-05,0.01,match_sweep,0.2,0.9,"z1=0.20, z2=0.90"
48,96,0.5,4.902694847850475e-05,1.441519023117333e-06,4.760460444947586e-05,0.01,match_sweep,0.2,0.9,"z1=0.20, z2=0.90"
64,128,0.5,4.898817920663316e-05,1.1458196495908247e-06,4.7886362970049384e-05,0.01,match_sweep,0.2,0.9,"z1=0.20, z2=0.90"
80,160,0.5,4.449722018826007e-05,5.187618404310764e-07,4.398225199859395e-05,0.01,match_sweep,0.2,0.9,"z1=0.20, z2=0.90"
96,192,0.5,4.204434627026335e-05,1.713362157343973e-06,4.045041788943919e-05,0.01,match_sweep,0.2,0.9,"z1=0.20, z2=0.90"
32,64,0.7,0.8758117505625733,0.8740071682645205,0.002987742364706109,0.001,match_sweep,0.1,0.9,"z1=0.10, z2=0.90"
48,96,0.7,0.024598775395801055,0.026773048198101907,0.003148598425848445,0.001,match_sweep,0.1,0.9,"z1=0.10, z2=0.90"
64,128,0.7,0.0008245229438583439,0.003252439093735993,0.003634996030588642,0.001,match_sweep,0.1,0.9,"z1=0.10, z2=0.90"
80,160,0.7,0.0007957167626648948,0.002669505371229582,0.0023705001088869253,0.001,match_sweep,0.1,0.9,"z1=0.10, z2=0.90"
96,192,0.7,0.003294815688415014,0.005283074876400271,0.002633000404290243,0.001,match_sweep,0.1,0.9,"z1=0.10, z2=0.90"
32,64,0.7,0.8758146170169375,0.8740100404264136,0.0029877423647060937,0.001,match_sweep,0.1,0.8,"z1=0.10, z2=0.80"
48,96,0.7,0.024600257818491112,0.026774455022573793,0.0031485984258483564,0.001,match_sweep,0.1,0.8,"z1=0.10, z2=0.80"
64,128,0.7,0.0008222892598417514,0.003252224547507801,0.003634996030588671,0.001,match_sweep,0.1,0.8,"z1=0.10, z2=0.80"
80,160,0.7,0.0007948644974983584,0.0026699005186805185,0.0023705001088868334,0.001,match_sweep,0.1,0.8,"z1=0.10, z2=0.80"
96,192,0.7,0.0032947816655829083,0.005282665729127919,0.0026330004042902973,0.001,match_sweep,0.1,0.8,"z1=0.10, z2=0.80"
32,64,0.7,0.004772211169229963,0.004717871297495437,0.0004022172715182361,0.001,match_sweep,0.05,0.9,"z1=0.05, z2=0.90"
48,96,0.7,0.00037148940038355223,0.00020706047036911802,0.00041811959018603465,0.001,match_sweep,0.05,0.9,"z1=0.05, z2=0.90"
64,128,0.7,0.00048245186080016217,0.00018694116928462504,0.0004153104845857342,0.001,match_sweep,0.05,0.9,"z1=0.05, z2=0.90"
80,160,0.7,0.00047164164220820254,0.00014785072128424166,0.00040606012086542945,0.001,match_sweep,0.05,0.9,"z1=0.05, z2=0.90"
96,192,0.7,0.00046827464179971843,0.00014367817767421727,0.0004133523648268522,0.001,match_sweep,0.05,0.9,"z1=0.05, z2=0.90"
32,64,0.7,0.8758354710538165,0.8740308839226928,0.0029877423647061375,0.001,match_sweep,0.1,0.95,"z1=0.10, z2=0.95"
48,96,0.7,0.02460330260655821,0.026776438219529013,0.0031485984258483204,0.001,match_sweep,0.1,0.95,"z1=0.10, z2=0.95"
64,128,0.7,0.0008191835497965809,0.0032462866810050723,0.003634996030588696,0.001,match_sweep,0.1,0.95,"z1=0.10, z2=0.95"
80,160,0.7,0.0007822361893162343,0.0026639796912744274,0.0023705001088870593,0.001,match_sweep,0.1,0.95,"z1=0.10, z2=0.95"
96,192,0.7,0.003290580181553122,0.005275170435195704,0.002633000404290281,0.001,match_sweep,0.1,0.95,"z1=0.10, z2=0.95"
32,64,0.7,1.0076802216461624,1.0066018342887224,0.04559924991081687,0.001,match_sweep,0.2,0.9,"z1=0.20, z2=0.90"
48,96,0.7,1.402932145848096,1.3889574863723715,0.045046684387954984,0.001,match_sweep,0.2,0.9,"z1=0.20, z2=0.90"
64,128,0.7,0.8107133489914898,0.8315962806974669,0.04342445264293558,0.001,match_sweep,0.2,0.9,"z1=0.20, z2=0.90"
80,160,0.7,0.28970254434952825,0.3304864481032366,0.04513021351676045,0.001,match_sweep,0.2,0.9,"z1=0.20, z2=0.90"
96,192,0.7,0.2739946646233254,0.3249764346569396,0.05857797008823345,0.001,match_sweep,0.2,0.9,"z1=0.20, z2=0.90"
32,64,0.7,7.041008000200312e-06,2.173839667156597e-06,6.185550076949715e-06,0.01,match_sweep,0.1,0.9,"z1=0.10, z2=0.90"
48,96,0.7,6.5983057782127116e-06,2.318961052421582e-06,5.534133487640577e-06,0.01,match_sweep,0.1,0.9,"z1=0.10, z2=0.90"
64,128,0.7,7.012226666298933e-06,2.930096504626682e-06,5.551087044757811e-06,0.01,match_sweep,0.1,0.9,"z1=0.10, z2=0.90"
80,160,0.7,6.094410271799831e-06,6.138571058018596e-07,6.016461580684145e-06,0.01,match_sweep,0.1,0.9,"z1=0.10, z2=0.90"
96,192,0.7,6.2009327629421575e-06,1.326334648250034e-06,5.758982095887169e-06,0.01,match_sweep,0.1,0.9,"z1=0.10, z2=0.90"
32,64,0.7,6.390472281610409e-06,3.5028599975806975e-07,6.185550078395616e-06,0.01,match_sweep,0.1,0.8,"z1=0.10, z2=0.80"
48,96,0.7,5.861594806979313e-06,3.527137422948569e-07,5.534133489363068e-06,0.01,match_sweep,0.1,0.8,"z1=0.10, z2=0.80"
64,128,0.7,5.747485752294309e-06,2.2593341761085067e-07,5.551087046200131e-06,0.01,match_sweep,0.1,0.8,"z1=0.10, z2=0.80"
80,160,0.7,6.137132610929034e-06,2.397866344236785e-07,6.016461582497546e-06,0.01,match_sweep,0.1,0.8,"z1=0.10, z2=0.80"
96,192,0.7,5.635554512606054e-06,1.9273780507974428e-07,5.758982097563491e-06,0.01,match_sweep,0.1,0.8,"z1=0.10, z2=0.80"
32,64,0.7,2.9971836354449063e-05,3.0773016932082016e-05,9.651542405164022e-07,0.01,match_sweep,0.05,0.9,"z1=0.05, z2=0.90"
48,96,0.7,3.754629606783453e-05,3.8193291095732525e-05,9.420904091436199e-07,0.01,match_sweep,0.05,0.9,"z1=0.05, z2=0.90"
64,128,0.7,2.640957130297557e-05,2.732593702645711e-05,9.398953567922321e-07,0.01,match_sweep,0.05,0.9,"z1=0.05, z2=0.90"
80,160,0.7,5.598238405088684e-05,5.6474321147344274e-05,9.902360961550353e-07,0.01,match_sweep,0.05,0.9,"z1=0.05, z2=0.90"
96,192,0.7,4.3610696829528545e-05,4.374784474921792e-05,7.511723724025317e-07,0.01,match_sweep,0.05,0.9,"z1=0.05, z2=0.90"
32,64,0.7,1.0025572660476713e-05,7.89885347173511e-06,6.185550077200532e-06,0.01,match_sweep,0.1,0.95,"z1=0.10, z2=0.95"
48,96,0.7,1.0670497715910965e-05,8.956966666354698e-06,5.5341334877378725e-06,0.01,match_sweep,0.1,0.95,"z1=0.10, z2=0.95"
64,128,0.7,1.0868694676441305e-05,1.0360909807238773e-05,5.5510870443895565e-06,0.01,match_sweep,0.1,0.95,"z1=0.10, z2=0.95"
80,160,0.7,9.8456524957412e-06,9.566431965267432e-06,6.016461581421952e-06,0.01,match_sweep,0.1,0.95,"z1=0.10, z2=0.95"
96,192,0.7,1.0973894505177594e-05,1.1912272760431133e-05,5.758982097040054e-06,0.01,match_sweep,0.1,0.95,"z1=0.10, z2=0.95"
32,64,0.7,4.8624540997938526e-05,6.215121399755928e-05,6.984865764877214e-05,0.01,match_sweep,0.2,0.9,"z1=0.20, z2=0.90"
48,96,0.7,5.891802185784723e-05,3.3703010428604287e-07,5.863882802019264e-05,0.01,match_sweep,0.2,0.9,"z1=0.20, z2=0.90"
64,128,0.7,6.0036343319171777e-05,2.1548444315577652e-07,6.023710738342054e-05,0.01,match_sweep,0.2,0.9,"z1=0.20, z2=0.90"
80,160,0.7,6.279903380369153e-05,3.0369155974767956e-07,6.310263653636938e-05,0.01,match_sweep,0.2,0.9,"z1=0.20, z2=0.90"
96,192,0.7,6.262737189537109e-05,1.0619636503997648e-06,6.368454864259141e-05,0.01,match_sweep,0.2,0.9,"z1=0.20, z2=0.90"
32,64,0.9,1.6871586218440138,1.6860856234225297,0.009552201731107384,0.001,match_sweep,0.1,0.9,"z1=0.10, z2=0.90"
48,96,0.9,0.1076212079049481,0.09778686676160857,0.009544046966612573,0.001,match_sweep,0.1,0.9,"z1=0.10, z2=0.90"
64,128,0.9,0.022466022678636725,0.013880082327243113,0.009751823175328503,0.001,match_sweep,0.1,0.9,"z1=0.10, z2=0.90"
80,160,0.9,0.015649762407115162,0.006973354544946549,0.009574745481442319,0.001,match_sweep,0.1,0.9,"z1=0.10, z2=0.90"
96,192,0.9,0.00891327774359881,0.0005829719555594874,0.00932531545697648,0.001,match_sweep,0.1,0.9,"z1=0.10, z2=0.90"
32,64,0.9,1.6871576042750243,1.6860846103963243,0.009552201731107667,0.001,match_sweep,0.1,0.8,"z1=0.10, z2=0.80"
48,96,0.9,0.10761940820104275,0.09778507268972293,0.009544046966612808,0.001,match_sweep,0.1,0.8,"z1=0.10, z2=0.80"
64,128,0.9,0.02246559624395948,0.013879530656118669,0.00975182317532889,0.001,match_sweep,0.1,0.8,"z1=0.10, z2=0.80"
80,160,0.9,0.01564903406476471,0.006972447334938948,0.009574745481442559,0.001,match_sweep,0.1,0.8,"z1=0.10, z2=0.80"
96,192,0.9,0.008912035678874592,0.0005841211306474134,0.009325315456976587,0.001,match_sweep,0.1,0.8,"z1=0.10, z2=0.80"
32,64,0.9,0.016152915343765784,0.015915356538983405,0.00048436393777633925,0.001,match_sweep,0.05,0.9,"z1=0.05, z2=0.90"
48,96,0.9,0.0006118651346367175,0.0007723501857731763,0.0005214048523194537,0.001,match_sweep,0.05,0.9,"z1=0.05, z2=0.90"
64,128,0.9,0.0005141266396083655,0.00020689519166061535,0.0005396511351228185,0.001,match_sweep,0.05,0.9,"z1=0.05, z2=0.90"
80,160,0.9,0.000565064152805205,0.00033693634378788095,0.0005358702868607648,0.001,match_sweep,0.05,0.9,"z1=0.05, z2=0.90"
96,192,0.9,0.0007778344889321624,0.00026953223504231103,0.0007891614267142909,0.001,match_sweep,0.05,0.9,"z1=0.05, z2=0.90"
32,64,0.9,1.6871523829708424,1.6860793953121516,0.009552201731107489,0.001,match_sweep,0.1,0.95,"z1=0.10, z2=0.95"
48,96,0.9,0.10759874814988787,0.09776467142886086,0.00954404696661265,0.001,match_sweep,0.1,0.95,"z1=0.10, z2=0.95"
64,128,0.9,0.02244983358750712,0.013866376030530547,0.009751823175328795,0.001,match_sweep,0.1,0.95,"z1=0.10, z2=0.95"
80,160,0.9,0.015631858538923564,0.0069588468348260645,0.009574745481442435,0.001,match_sweep,0.1,0.95,"z1=0.10, z2=0.95"
96,192,0.9,0.008890742816717333,0.0005994670843028006,0.009325315456976516,0.001,match_sweep,0.1,0.95,"z1=0.10, z2=0.95"
32,64,0.9,1.0021596820809089,1.0022414966213566,0.025158015234410254,0.001,match_sweep,0.2,0.9,"z1=0.20, z2=0.90"
48,96,0.9,1.0761224228593225,1.0783046474884066,0.025449788324619957,0.001,match_sweep,0.2,0.9,"z1=0.20, z2=0.90"
64,128,0.9,3.00702013039342,3.0577328647183766,0.02590121727385774,0.001,match_sweep,0.2,0.9,"z1=0.20, z2=0.90"
80,160,0.9,0.1700515886127946,0.1805238960817224,0.025222837376142084,0.001,match_sweep,0.2,0.9,"z1=0.20, z2=0.90"
96,192,0.9,0.13423193356973395,0.1252200686950471,0.03504731280381784,0.001,match_sweep,0.2,0.9,"z1=0.20, z2=0.90"
32,64,0.9,1.483674075167295e-05,1.2019298907043012e-06,1.4412916940995684e-05,0.01,match_sweep,0.1,0.9,"z1=0.10, z2=0.90"
48,96,0.9,1.5034462749587723e-05,1.0876391203813529e-06,1.3965088482828025e-05,0.01,match_sweep,0.1,0.9,"z1=0.10, z2=0.90"
64,128,0.9,1.44679498349926e-05,4.6027549262732445e-07,1.4019842701694774e-05,0.01,match_sweep,0.1,0.9,"z1=0.10, z2=0.90"
80,160,0.9,1.3840056580772644e-05,9.411843493655999e-07,1.3030370180059751e-05,0.01,match_sweep,0.1,0.9,"z1=0.10, z2=0.90"
96,192,0.9,1.3556171209968912e-05,2.4340841019051593e-06,1.4073511766136876e-05,0.01,match_sweep,0.1,0.9,"z1=0.10, z2=0.90"
32,64,0.9,1.49086419136034e-05,7.204510403149795e-07,1.4412916940964802e-05,0.01,match_sweep,0.1,0.8,"z1=0.10, z2=0.80"
48,96,0.9,1.4558938780471902e-05,6.258559955775803e-07,1.396508848272665e-05,0.01,match_sweep,0.1,0.8,"z1=0.10, z2=0.80"
64,128,0.9,1.4621944755076989e-05,6.218784613245494e-07,1.4019842701539921e-05,0.01,match_sweep,0.1,0.8,"z1=0.10, z2=0.80"
80,160,0.9,1.3253116388406386e-05,2.3295138247217528e-07,1.303037017965935e-05,0.01,match_sweep,0.1,0.8,"z1=0.10, z2=0.80"
96,192,0.9,1.5258490384866073e-05,1.1983125983128188e-06,1.4073511765372024e-05,0.01,match_sweep,0.1,0.8,"z1=0.10, z2=0.80"
32,64,0.9,0.00018533854578198073,0.00018467400723545902,9.501830921229589e-07,0.01,match_sweep,0.05,0.9,"z1=0.05, z2=0.90"
48,96,0.9,0.00017612941858839162,0.00017550143819162415,9.238316061581871e-07,0.01,match_sweep,0.05,0.9,"z1=0.05, z2=0.90"
64,128,0.9,0.0001408020934460526,0.00014019441068587664,9.095514096155184e-07,0.01,match_sweep,0.05,0.9,"z1=0.05, z2=0.90"
80,160,0.9,0.00021095140745816356,0.00021034288933997804,9.26493687745736e-07,0.01,match_sweep,0.05,0.9,"z1=0.05, z2=0.90"
96,192,0.9,0.0001066372254652581,0.00010631642169314282,7.252401815978927e-07,0.01,match_sweep,0.05,0.9,"z1=0.05, z2=0.90"
32,64,0.9,1.9950452400589725e-05,5.858718863457845e-06,1.4412916940869372e-05,0.01,match_sweep,0.1,0.95,"z1=0.10, z2=0.95"
48,96,0.9,1.9607579047211822e-05,5.7764754734700634e-06,1.3965088482213155e-05,0.01,match_sweep,0.1,0.95,"z1=0.10, z2=0.95"
64,128,0.9,2.138272254949776e-05,7.407500676653199e-06,1.401984270106408e-05,0.01,match_sweep,0.1,0.95,"z1=0.10, z2=0.95"
80,160,0.9,1.8785707657558858e-05,7.283479776005526e-06,1.3030370179026915e-05,0.01,match_sweep,0.1,0.95,"z1=0.10, z2=0.95"
96,192,0.9,2.0478624104673706e-05,6.416994935395038e-06,1.4073511765473829e-05,0.01,match_sweep,0.1,0.95,"z1=0.10, z2=0.95"
32,64,0.9,0.0003111170545768523,0.00027180221849378147,5.474968127986696e-05,0.01,match_sweep,0.2,0.9,"z1=0.20, z2=0.90"
48,96,0.9,7.796619020319397e-05,4.009328499086377e-06,7.899094107449783e-05,0.01,match_sweep,0.2,0.9,"z1=0.20, z2=0.90"
64,128,0.9,7.715506164344698e-05,5.38224678468388e-07,7.767011130356542e-05,0.01,match_sweep,0.2,0.9,"z1=0.20, z2=0.90"
80,160,0.9,7.825249814677713e-05,1.3796364218609418e-06,7.793792190945243e-05,0.01,match_sweep,0.2,0.9,"z1=0.20, z2=0.90"
96,192,0.9,6.829262345938473e-05,2.5165885363657608e-06,6.963060007397136e-05,0.01,match_sweep,0.2,0.9,"z1=0.20, z2=0.90"
32,64,0.99,1.0951561174961226,1.0966083251495842,0.012140940000401872,0.001,match_sweep,0.1,0.9,"z1=0.10, z2=0.90"
48,96,0.99,0.8005705124234045,0.7984865888343695,0.011520595610850948,0.001,match_sweep,0.1,0.9,"z1=0.10, z2=0.90"
64,128,0.99,0.06274862344356485,0.05244030537308369,0.011692322030282813,0.001,match_sweep,0.1,0.9,"z1=0.10, z2=0.90"
80,160,0.99,0.03954427657581909,0.023243867340750478,0.01642636315874034,0.001,match_sweep,0.1,0.9,"z1=0.10, z2=0.90"
96,192,0.99,0.009755928075878294,0.003652870380156811,0.006611361235248576,0.001,match_sweep,0.1,0.9,"z1=0.10, z2=0.90"
32,64,0.99,1.0951552937061353,1.0966074966969095,0.012140940000401737,0.001,match_sweep,0.1,0.8,"z1=0.10, z2=0.80"
48,96,0.99,0.8005608720055243,0.7984768811990155,0.01152059561085069,0.001,match_sweep,0.1,0.8,"z1=0.10, z2=0.80"
64,128,0.99,0.06274827218176458,0.05243931471012099,0.011692322030282655,0.001,match_sweep,0.1,0.8,"z1=0.10, z2=0.80"
80,160,0.99,0.03954548524959041,0.02324477551810106,0.01642636315874029,0.001,match_sweep,0.1,0.8,"z1=0.10, z2=0.80"
96,192,0.99,0.009759090370349109,0.0036532622953363973,0.006611361235248555,0.001,match_sweep,0.1,0.8,"z1=0.10, z2=0.80"
32,64,0.99,0.07769884915529704,0.07990024377094349,0.0020784750937338226,0.001,match_sweep,0.05,0.9,"z1=0.05, z2=0.90"
48,96,0.99,0.0021663248093294254,0.0022006702152458494,0.0019744333714604143,0.001,match_sweep,0.05,0.9,"z1=0.05, z2=0.90"
64,128,0.99,0.0022732122180231943,0.0008830401635228406,0.0018133011388637944,0.001,match_sweep,0.05,0.9,"z1=0.05, z2=0.90"
80,160,0.99,0.0023014383817219976,0.0007247932430933969,0.0020431227954046303,0.001,match_sweep,0.05,0.9,"z1=0.05, z2=0.90"
96,192,0.99,0.0022318590523108454,0.0005672216476502825,0.001908488991519564,0.001,match_sweep,0.05,0.9,"z1=0.05, z2=0.90"
32,64,0.99,1.0951545705152121,1.0966067899132006,0.012140940000401907,0.001,match_sweep,0.1,0.95,"z1=0.10, z2=0.95"
48,96,0.99,0.80057242700534,0.7984881740841916,0.011520595610850731,0.001,match_sweep,0.1,0.95,"z1=0.10, z2=0.95"
64,128,0.99,0.0627604733133488,0.0524516295390207,0.011692322030282707,0.001,match_sweep,0.1,0.95,"z1=0.10, z2=0.95"
80,160,0.99,0.03955424687926836,0.023253581254689206,0.01642636315874025,0.001,match_sweep,0.1,0.95,"z1=0.10, z2=0.95"
96,192,0.99,0.009767096736458146,0.0036610833342971233,0.006611361235248564,0.001,match_sweep,0.1,0.95,"z1=0.10, z2=0.95"
32,64,0.99,1.0032365184392427,1.0039623794193273,0.20673508971284305,0.001,match_sweep,0.2,0.9,"z1=0.20, z2=0.90"
48,96,0.99,1.028701426418176,1.03661383911251,0.2093151458824916,0.001,match_sweep,0.2,0.9,"z1=0.20, z2=0.90"
64,128,0.99,1.0861508621099327,1.1395898460117513,0.20779989545949124,0.001,match_sweep,0.2,0.9,"z1=0.20, z2=0.90"
80,160,0.99,2.4461421753743102,3.078103461710747,0.18681688045586947,0.001,match_sweep,0.2,0.9,"z1=0.20, z2=0.90"
96,192,0.99,2.6369164961127565,3.14380853551866,0.2640239778133514,0.001,match_sweep,0.2,0.9,"z1=0.20, z2=0.90"
32,64,0.99,2.0195307933399322e-05,9.059584119482627e-06,1.1161908400613581e-05,0.01,match_sweep,0.1,0.9,"z1=0.10, z2=0.90"
48,96,0.99,1.8579877667870275e-05,3.578610504829614e-06,1.534239325223588e-05,0.01,match_sweep,0.1,0.9,"z1=0.10, z2=0.90"
64,128,0.99,1.9472848901953366e-05,4.320626221860968e-06,1.5578968590503907e-05,0.01,match_sweep,0.1,0.9,"z1=0.10, z2=0.90"
80,160,0.99,2.0303360591152266e-05,4.063416840941875e-06,1.6273983580484873e-05,0.01,match_sweep,0.1,0.9,"z1=0.10, z2=0.90"
96,192,0.99,2.1751986084124733e-05,4.954537275527963e-06,1.7329531384488132e-05,0.01,match_sweep,0.1,0.9,"z1=0.10, z2=0.90"
32,64,0.99,1.648178065941177e-05,5.655396723742722e-06,1.1161908400825746e-05,0.01,match_sweep,0.1,0.8,"z1=0.10, z2=0.80"
48,96,0.99,1.5794487323664337e-05,9.176998457285679e-07,1.5342393252692786e-05,0.01,match_sweep,0.1,0.8,"z1=0.10, z2=0.80"
64,128,0.99,1.6050722761885064e-05,8.752925523254888e-07,1.5578968590715523e-05,0.01,match_sweep,0.1,0.8,"z1=0.10, z2=0.80"
80,160,0.99,1.7138147273860917e-05,1.1798984057025198e-06,1.627398358090974e-05,0.01,match_sweep,0.1,0.8,"z1=0.10, z2=0.80"
96,192,0.99,1.832213202950678e-05,1.656866070186144e-06,1.7329531384430588e-05,0.01,match_sweep,0.1,0.8,"z1=0.10, z2=0.80"
32,64,0.99,8.055436406344897e-05,7.953872309816026e-05,1.0402701545759743e-06,0.01,match_sweep,0.05,0.9,"z1=0.05, z2=0.90"
48,96,0.99,7.880841029066145e-05,7.775178088099974e-05,1.0593974816515302e-06,0.01,match_sweep,0.05,0.9,"z1=0.05, z2=0.90"
64,128,0.99,0.00010080730978881724,0.00010000876120470064,1.0376598607671329e-06,0.01,match_sweep,0.05,0.9,"z1=0.05, z2=0.90"
80,160,0.99,6.700841813264117e-05,6.580076404429224e-05,1.3056150104416943e-06,0.01,match_sweep,0.05,0.9,"z1=0.05, z2=0.90"
96,192,0.99,0.00010677325384068442,0.00010602014405623872,8.504639901933915e-07,0.01,match_sweep,0.05,0.9,"z1=0.05, z2=0.90"
32,64,0.99,2.6438644033331463e-05,1.5311260444363053e-05,1.1161908401016359e-05,0.01,match_sweep,0.1,0.95,"z1=0.10, z2=0.95"
48,96,0.99,2.4382970184564012e-05,9.697381322371518e-06,1.534239325301699e-05,0.01,match_sweep,0.1,0.95,"z1=0.10, z2=0.95"
64,128,0.99,2.06084935956115e-05,6.403607025566111e-06,1.5578968591240094e-05,0.01,match_sweep,0.1,0.95,"z1=0.10, z2=0.95"
80,160,0.99,2.715521353307518e-05,1.1795924095447207e-05,1.627398358107845e-05,0.01,match_sweep,0.1,0.95,"z1=0.10, z2=0.95"
96,192,0.99,1.73509975432101e-05,3.841049105279676e-06,1.7329531384863774e-05,0.01,match_sweep,0.1,0.95,"z1=0.10, z2=0.95"
32,64,0.99,0.0016361649873696637,0.0017997053877368936,0.00018257066111873046,0.01,match_sweep,0.2,0.9,"z1=0.20, z2=0.90"
48,96,0.99,0.0001488597069336102,2.613485757242768e-05,0.00012578156563938979,0.01,match_sweep,0.2,0.9,"z1=0.20, z2=0.90"
64,128,0.99,0.00012609216591180208,7.650023557714559e-06,0.00013236236685309076,0.01,match_sweep,0.2,0.9,"z1=0.20, z2=0.90"
80,160,0.99,0.00011846345955039961,1.61513081010055e-06,0.00011978632968369486,0.01,match_sweep,0.2,0.9,"z1=0.20, z2=0.90"
96,192,0.99,0.00011672074499502599,1.050712135759401e-05,0.00012541106280196228,0.01,match_sweep,0.2,0.9,"z1=0.20, z2=0.90"
